-- phpMyAdmin SQL Dump
-- version 4.0.10.7
-- http://www.phpmyadmin.net
--
-- Host: localhost
-- Generation Time: Nov 22, 2015 at 11:21 PM
-- Server version: 5.5.45-cll-lve
-- PHP Version: 5.4.31

SET SQL_MODE = "NO_AUTO_VALUE_ON_ZERO";
SET time_zone = "+00:00";


/*!40101 SET @OLD_CHARACTER_SET_CLIENT=@@CHARACTER_SET_CLIENT */;
/*!40101 SET @OLD_CHARACTER_SET_RESULTS=@@CHARACTER_SET_RESULTS */;
/*!40101 SET @OLD_COLLATION_CONNECTION=@@COLLATION_CONNECTION */;
/*!40101 SET NAMES utf8 */;

--
-- Database: `omla`
--

-- --------------------------------------------------------

--
-- Table structure for table `company`
--

CREATE TABLE IF NOT EXISTS `company` (
  `company_id` int(11) NOT NULL AUTO_INCREMENT,
  `company_name` varchar(255) NOT NULL,
  `product_price` varchar(255) NOT NULL,
  `draw_amount` double DEFAULT '0',
  `jackput_amount` double DEFAULT '0',
  `draw_amount2` double DEFAULT '0',
  `jackput_amount2` double DEFAULT '0',
  PRIMARY KEY (`company_id`)
) ENGINE=MyISAM  DEFAULT CHARSET=latin1 AUTO_INCREMENT=4 ;

--
-- Dumping data for table `company`
--

INSERT INTO `company` (`company_id`, `company_name`, `product_price`, `draw_amount`, `jackput_amount`, `draw_amount2`, `jackput_amount2`) VALUES
(1, 'ALACRITY NET', '11', 100, 200, 0, 0),
(2, 'ALACRITY 2', '11', 100, 200, 0, 0),
(3, '', '11', 100, 200, 50, 100);

-- --------------------------------------------------------

--
-- Table structure for table `draw`
--

CREATE TABLE IF NOT EXISTS `draw` (
  `draw_id` int(11) NOT NULL AUTO_INCREMENT,
  `drawdatetime` datetime DEFAULT NULL,
  `win_product_id` int(11) DEFAULT NULL,
  `win_amount` double NOT NULL DEFAULT '0',
  `is_jackpot` enum('NO','YES') NOT NULL,
  `win_product_id2` int(11) DEFAULT NULL,
  `win_amount2` double NOT NULL DEFAULT '0',
  `is_jackpot2` enum('NO','YES') NOT NULL,
  `percent` double NOT NULL DEFAULT '0',
  `last_update_time` datetime DEFAULT NULL,
  `last_update_ip` varchar(15) DEFAULT NULL,
  PRIMARY KEY (`draw_id`)
) ENGINE=InnoDB  DEFAULT CHARSET=latin1 AUTO_INCREMENT=7882 ;

--
-- Dumping data for table `draw`
--

INSERT INTO `draw` (`draw_id`, `drawdatetime`, `win_product_id`, `win_amount`, `is_jackpot`, `win_product_id2`, `win_amount2`, `is_jackpot2`, `percent`, `last_update_time`, `last_update_ip`) VALUES
(6935, '2015-11-07 08:30:00', 1, 100, 'NO', NULL, 0, 'NO', 0, NULL, NULL),
(6936, '2015-11-07 08:45:00', 7, 100, 'NO', NULL, 0, 'NO', 0, NULL, NULL),
(6937, '2015-11-07 09:00:00', 6, 100, 'NO', NULL, 0, 'NO', 0, NULL, NULL),
(6938, '2015-11-07 09:15:00', 4, 100, 'NO', NULL, 0, 'NO', 0, NULL, NULL),
(6939, '2015-11-07 09:30:00', 9, 200, 'YES', NULL, 0, 'NO', 0, '2015-11-07 09:19:31', '1.39.13.17'),
(6940, '2015-11-07 09:45:00', 7, 100, 'NO', NULL, 0, 'NO', 0, NULL, NULL),
(6941, '2015-11-07 10:00:00', 10, 100, 'NO', NULL, 0, 'NO', 0, NULL, NULL),
(6942, '2015-11-07 10:15:00', 7, 100, 'NO', NULL, 0, 'NO', 0, NULL, NULL),
(6943, '2015-11-07 10:30:00', 5, 100, 'NO', NULL, 0, 'NO', 0, NULL, NULL),
(6944, '2015-11-07 10:45:00', 1, 100, 'NO', NULL, 0, 'NO', 0, NULL, NULL),
(6945, '2015-11-07 11:00:00', 1, 100, 'NO', NULL, 0, 'NO', 0, NULL, NULL),
(6946, '2015-11-07 11:15:00', 6, 100, 'NO', NULL, 0, 'NO', 0, NULL, NULL),
(6947, '2015-11-07 11:30:00', 6, 100, 'NO', NULL, 0, 'NO', 0, NULL, NULL),
(6948, '2015-11-07 11:45:00', 8, 100, 'NO', NULL, 0, 'NO', 0, NULL, NULL),
(6949, '2015-11-07 12:00:00', 7, 100, 'NO', NULL, 0, 'NO', 0, NULL, NULL),
(6950, '2015-11-07 12:15:00', 9, 100, 'NO', NULL, 0, 'NO', 0, NULL, NULL),
(6951, '2015-11-07 12:30:00', 10, 100, 'NO', NULL, 0, 'NO', 0, NULL, NULL),
(6952, '2015-11-07 12:45:00', 2, 100, 'NO', NULL, 0, 'NO', 0, '2015-11-07 12:35:10', '1.39.88.218'),
(6953, '2015-11-07 13:00:00', 3, 200, 'YES', NULL, 0, 'NO', 0, '2015-11-07 12:47:52', '1.39.88.218'),
(6954, '2015-11-07 13:15:00', 9, 100, 'NO', NULL, 0, 'NO', 0, NULL, NULL),
(6955, '2015-11-07 13:30:00', 10, 100, 'NO', NULL, 0, 'NO', 0, NULL, NULL),
(6956, '2015-11-07 13:45:00', 6, 100, 'NO', NULL, 0, 'NO', 0, NULL, NULL),
(6957, '2015-11-07 14:00:00', 2, 100, 'NO', NULL, 0, 'NO', 0, NULL, NULL),
(6958, '2015-11-07 14:15:00', 7, 100, 'NO', NULL, 0, 'NO', 0, NULL, NULL),
(6959, '2015-11-07 14:30:00', 10, 100, 'NO', NULL, 0, 'NO', 0, NULL, NULL),
(6960, '2015-11-07 14:45:00', 1, 100, 'NO', NULL, 0, 'NO', 0, NULL, NULL),
(6961, '2015-11-07 15:00:00', 10, 100, 'NO', NULL, 0, 'NO', 0, NULL, NULL),
(6962, '2015-11-07 15:15:00', 2, 100, 'NO', NULL, 0, 'NO', 0, NULL, NULL),
(6963, '2015-11-07 15:30:00', 4, 100, 'NO', NULL, 0, 'NO', 0, NULL, NULL),
(6964, '2015-11-07 15:45:00', 9, 100, 'NO', NULL, 0, 'NO', 0, NULL, NULL),
(6965, '2015-11-07 16:00:00', 9, 100, 'NO', NULL, 0, 'NO', 0, NULL, NULL),
(6966, '2015-11-07 16:15:00', 4, 100, 'NO', NULL, 0, 'NO', 0, NULL, NULL),
(6967, '2015-11-07 16:30:00', 3, 100, 'NO', NULL, 0, 'NO', 0, NULL, NULL),
(6968, '2015-11-07 16:45:00', 9, 100, 'NO', NULL, 0, 'NO', 0, NULL, NULL),
(6969, '2015-11-07 17:00:00', 5, 100, 'NO', NULL, 0, 'NO', 0, NULL, NULL),
(6970, '2015-11-07 17:15:00', 5, 100, 'NO', NULL, 0, 'NO', 0, NULL, NULL),
(6971, '2015-11-07 17:30:00', 6, 100, 'NO', NULL, 0, 'NO', 0, NULL, NULL),
(6972, '2015-11-07 17:45:00', 2, 100, 'NO', NULL, 0, 'NO', 0, NULL, NULL),
(6973, '2015-11-07 18:00:00', 9, 200, 'YES', 1, 100, 'YES', 20, '2015-11-07 17:55:03', '103.238.105.148'),
(6974, '2015-11-07 18:15:00', 9, 200, 'YES', NULL, 0, 'NO', 20, '2015-11-07 18:05:07', '103.238.105.148'),
(6975, '2015-11-07 18:30:00', 10, 100, 'NO', 4, 100, 'YES', 20, '2015-11-07 18:19:42', '103.238.105.148'),
(6976, '2015-11-07 18:45:00', 8, 100, 'NO', NULL, 0, 'NO', 20, '2015-11-07 18:31:12', '103.238.105.148'),
(6977, '2015-11-07 19:00:00', 8, 100, 'NO', NULL, 0, 'NO', 20, NULL, NULL),
(6978, '2015-11-07 19:15:00', 7, 100, 'NO', NULL, 0, 'NO', 20, NULL, NULL),
(6979, '2015-11-07 19:30:00', 7, 100, 'NO', NULL, 0, 'NO', 20, NULL, NULL),
(6980, '2015-11-07 19:45:00', 3, 100, 'NO', NULL, 0, 'NO', 20, NULL, NULL),
(6981, '2015-11-07 20:00:00', 9, 100, 'NO', NULL, 0, 'NO', 20, NULL, NULL),
(6982, '2015-11-07 20:15:00', 5, 100, 'NO', NULL, 0, 'NO', 20, NULL, NULL),
(6983, '2015-11-07 20:30:00', 7, 100, 'NO', NULL, 0, 'NO', 20, NULL, NULL),
(6984, '2015-11-07 20:45:00', 2, 100, 'NO', NULL, 0, 'NO', 20, NULL, NULL),
(6985, '2015-11-07 21:00:00', 10, 100, 'NO', NULL, 0, 'NO', 20, NULL, NULL),
(6986, '2015-11-07 21:15:00', 3, 100, 'NO', NULL, 0, 'NO', 20, NULL, NULL),
(6987, '2015-11-07 21:30:00', 10, 100, 'NO', NULL, 0, 'NO', 20, NULL, NULL),
(6988, '2015-11-07 21:45:00', 2, 100, 'NO', NULL, 0, 'NO', 20, NULL, NULL),
(6989, '2015-11-07 22:00:00', 8, 100, 'NO', NULL, 0, 'NO', 20, NULL, NULL),
(6990, '2015-11-08 08:30:00', 8, 100, 'NO', NULL, 0, 'NO', 0, NULL, NULL),
(6991, '2015-11-08 08:45:00', 4, 100, 'NO', NULL, 0, 'NO', 0, NULL, NULL),
(6992, '2015-11-08 09:00:00', 8, 100, 'NO', NULL, 0, 'NO', 0, NULL, NULL),
(6993, '2015-11-08 09:15:00', 7, 100, 'NO', NULL, 0, 'NO', 0, NULL, NULL),
(6994, '2015-11-08 09:30:00', 9, 100, 'NO', NULL, 0, 'NO', 0, NULL, NULL),
(6995, '2015-11-08 09:45:00', 2, 100, 'NO', NULL, 0, 'NO', 0, NULL, NULL),
(6996, '2015-11-08 10:00:00', 7, 100, 'NO', NULL, 0, 'NO', 0, NULL, NULL),
(6997, '2015-11-08 10:15:00', 10, 100, 'NO', NULL, 0, 'NO', 0, NULL, NULL),
(6998, '2015-11-08 10:30:00', 7, 100, 'NO', NULL, 0, 'NO', 0, NULL, NULL),
(6999, '2015-11-08 10:45:00', 3, 100, 'NO', NULL, 0, 'NO', 0, NULL, NULL),
(7000, '2015-11-08 11:00:00', 7, 100, 'NO', NULL, 0, 'NO', 0, NULL, NULL),
(7001, '2015-11-08 11:15:00', 2, 100, 'NO', NULL, 0, 'NO', 0, NULL, NULL),
(7002, '2015-11-08 11:30:00', 2, 100, 'NO', NULL, 0, 'NO', 0, NULL, NULL),
(7003, '2015-11-08 11:45:00', 4, 100, 'NO', NULL, 0, 'NO', 0, NULL, NULL),
(7004, '2015-11-08 12:00:00', 5, 100, 'NO', NULL, 0, 'NO', 0, NULL, NULL),
(7005, '2015-11-08 12:15:00', 8, 100, 'NO', NULL, 0, 'NO', 0, NULL, NULL),
(7006, '2015-11-08 12:30:00', 2, 100, 'NO', NULL, 0, 'NO', 0, NULL, NULL),
(7007, '2015-11-08 12:45:00', 6, 100, 'NO', NULL, 0, 'NO', 0, NULL, NULL),
(7008, '2015-11-08 13:00:00', 7, 100, 'NO', NULL, 0, 'NO', 0, NULL, NULL),
(7009, '2015-11-08 13:15:00', 1, 100, 'NO', NULL, 0, 'NO', 0, NULL, NULL),
(7010, '2015-11-08 13:30:00', 6, 100, 'NO', NULL, 0, 'NO', 0, NULL, NULL),
(7011, '2015-11-08 13:45:00', 8, 100, 'NO', NULL, 0, 'NO', 0, NULL, NULL),
(7012, '2015-11-08 14:00:00', 10, 100, 'NO', NULL, 0, 'NO', 0, NULL, NULL),
(7013, '2015-11-08 14:15:00', 7, 100, 'NO', NULL, 0, 'NO', 0, NULL, NULL),
(7014, '2015-11-08 14:30:00', 9, 100, 'NO', NULL, 0, 'NO', 0, NULL, NULL),
(7015, '2015-11-08 14:45:00', 1, 100, 'NO', NULL, 0, 'NO', 0, NULL, NULL),
(7016, '2015-11-08 15:00:00', 4, 100, 'NO', NULL, 0, 'NO', 0, NULL, NULL),
(7017, '2015-11-08 15:15:00', 5, 100, 'NO', NULL, 0, 'NO', 0, NULL, NULL),
(7018, '2015-11-08 15:30:00', 6, 100, 'NO', NULL, 0, 'NO', 0, NULL, NULL),
(7019, '2015-11-08 15:45:00', 2, 100, 'NO', NULL, 0, 'NO', 0, NULL, NULL),
(7020, '2015-11-08 16:00:00', 1, 100, 'NO', NULL, 0, 'NO', 0, NULL, NULL),
(7021, '2015-11-08 16:15:00', 7, 100, 'NO', NULL, 0, 'NO', 0, NULL, NULL),
(7022, '2015-11-08 16:30:00', 4, 100, 'NO', NULL, 0, 'NO', 0, NULL, NULL),
(7023, '2015-11-08 16:45:00', 5, 100, 'NO', NULL, 0, 'NO', 0, NULL, NULL),
(7024, '2015-11-08 17:00:00', 8, 100, 'NO', NULL, 0, 'NO', 0, NULL, NULL),
(7025, '2015-11-08 17:15:00', 1, 100, 'NO', NULL, 0, 'NO', 0, NULL, NULL),
(7026, '2015-11-08 17:30:00', 6, 100, 'NO', NULL, 0, 'NO', 0, '2015-11-08 17:23:19', '103.250.146.28'),
(7027, '2015-11-08 17:45:00', 8, 100, 'NO', NULL, 0, 'NO', 0, NULL, NULL),
(7028, '2015-11-08 18:00:00', 5, 100, 'NO', NULL, 0, 'NO', 0, NULL, NULL),
(7029, '2015-11-08 18:15:00', 8, 100, 'NO', NULL, 0, 'NO', 0, NULL, NULL),
(7030, '2015-11-08 18:30:00', 3, 100, 'NO', NULL, 0, 'NO', 0, NULL, NULL),
(7031, '2015-11-08 18:45:00', 6, 100, 'NO', NULL, 0, 'NO', 0, NULL, NULL),
(7032, '2015-11-08 19:00:00', 8, 100, 'NO', NULL, 0, 'NO', 0, NULL, NULL),
(7033, '2015-11-08 19:15:00', 4, 200, 'YES', NULL, 0, 'NO', 0, '2015-11-08 19:05:46', '116.203.108.49'),
(7034, '2015-11-08 19:30:00', 8, 100, 'NO', NULL, 0, 'NO', 100, NULL, NULL),
(7035, '2015-11-08 19:45:00', 1, 200, 'YES', NULL, 0, 'NO', 0, '2015-11-08 19:44:40', '116.203.108.49'),
(7036, '2015-11-08 20:00:00', 1, 200, 'YES', NULL, 0, 'NO', 0, '2015-11-08 19:56:46', '116.203.108.49'),
(7037, '2015-11-08 20:15:00', 1, 100, 'NO', NULL, 0, 'NO', 0, '2015-11-08 20:12:53', '116.203.108.49'),
(7038, '2015-11-08 20:30:00', 6, 100, 'NO', NULL, 0, 'NO', 0, NULL, NULL),
(7039, '2015-11-08 20:45:00', 1, 100, 'NO', NULL, 0, 'NO', 0, NULL, NULL),
(7040, '2015-11-08 21:00:00', 10, 100, 'NO', NULL, 0, 'NO', 0, NULL, NULL),
(7041, '2015-11-08 21:15:00', 6, 100, 'NO', NULL, 0, 'NO', 0, NULL, NULL),
(7042, '2015-11-08 21:30:00', 1, 100, 'NO', NULL, 0, 'NO', 0, NULL, NULL),
(7043, '2015-11-08 21:45:00', 6, 100, 'NO', NULL, 0, 'NO', 0, NULL, NULL),
(7044, '2015-11-08 22:00:00', 10, 100, 'NO', NULL, 0, 'NO', 0, NULL, NULL),
(7045, '2015-11-09 08:30:00', 7, 100, 'NO', NULL, 0, 'NO', 0, NULL, NULL),
(7046, '2015-11-09 08:45:00', 9, 100, 'NO', NULL, 0, 'NO', 0, NULL, NULL),
(7047, '2015-11-09 09:00:00', 6, 100, 'NO', NULL, 0, 'NO', 0, NULL, NULL),
(7048, '2015-11-09 09:15:00', 8, 100, 'NO', NULL, 0, 'NO', 0, NULL, NULL),
(7049, '2015-11-09 09:30:00', 2, 100, 'NO', NULL, 0, 'NO', 0, NULL, NULL),
(7050, '2015-11-09 09:45:00', 8, 100, 'NO', NULL, 0, 'NO', 0, NULL, NULL),
(7051, '2015-11-09 10:00:00', 1, 100, 'NO', NULL, 0, 'NO', 0, NULL, NULL),
(7052, '2015-11-09 10:15:00', 5, 100, 'NO', NULL, 0, 'NO', 0, NULL, NULL),
(7053, '2015-11-09 10:30:00', 3, 100, 'NO', NULL, 0, 'NO', 0, NULL, NULL),
(7054, '2015-11-09 10:45:00', 4, 100, 'NO', NULL, 0, 'NO', 0, NULL, NULL),
(7055, '2015-11-09 11:00:00', 4, 100, 'NO', NULL, 0, 'NO', 0, NULL, NULL),
(7056, '2015-11-09 11:15:00', 5, 100, 'NO', NULL, 0, 'NO', 0, NULL, NULL),
(7057, '2015-11-09 11:30:00', 2, 100, 'NO', NULL, 0, 'NO', 0, NULL, NULL),
(7058, '2015-11-09 11:45:00', 3, 100, 'NO', NULL, 0, 'NO', 0, NULL, NULL),
(7059, '2015-11-09 12:00:00', 4, 100, 'NO', NULL, 0, 'NO', 0, NULL, NULL),
(7060, '2015-11-09 12:15:00', 10, 100, 'NO', NULL, 0, 'NO', 0, NULL, NULL),
(7061, '2015-11-09 12:30:00', 3, 100, 'NO', NULL, 0, 'NO', 0, NULL, NULL),
(7062, '2015-11-09 12:45:00', 5, 100, 'NO', NULL, 0, 'NO', 0, NULL, NULL),
(7063, '2015-11-09 13:00:00', 5, 100, 'NO', NULL, 0, 'NO', 0, NULL, NULL),
(7064, '2015-11-09 13:15:00', 5, 100, 'NO', NULL, 0, 'NO', 0, NULL, NULL),
(7065, '2015-11-09 13:30:00', 1, 100, 'NO', NULL, 0, 'NO', 0, NULL, NULL),
(7066, '2015-11-09 13:45:00', 10, 100, 'NO', NULL, 0, 'NO', 0, NULL, NULL),
(7067, '2015-11-09 14:00:00', 7, 100, 'NO', NULL, 0, 'NO', 0, NULL, NULL),
(7068, '2015-11-09 14:15:00', 4, 100, 'NO', NULL, 0, 'NO', 0, NULL, NULL),
(7069, '2015-11-09 14:30:00', 7, 100, 'NO', NULL, 0, 'NO', 0, NULL, NULL),
(7070, '2015-11-09 14:45:00', 8, 100, 'NO', NULL, 0, 'NO', 0, NULL, NULL),
(7071, '2015-11-09 15:00:00', 9, 100, 'NO', NULL, 0, 'NO', 0, NULL, NULL),
(7072, '2015-11-09 15:15:00', 1, 100, 'NO', NULL, 0, 'NO', 50, NULL, NULL),
(7073, '2015-11-09 15:30:00', 1, 100, 'NO', NULL, 0, 'NO', 70, NULL, NULL),
(7074, '2015-11-09 15:45:00', 1, 100, 'NO', NULL, 0, 'NO', 70, NULL, NULL),
(7075, '2015-11-09 16:00:00', 3, 100, 'NO', NULL, 0, 'NO', 70, NULL, NULL),
(7076, '2015-11-09 16:15:00', 1, 100, 'NO', NULL, 0, 'NO', 90, NULL, NULL),
(7077, '2015-11-09 16:30:00', 9, 100, 'NO', NULL, 0, 'NO', 90, NULL, NULL),
(7078, '2015-11-09 16:45:00', 1, 100, 'NO', NULL, 0, 'NO', 90, NULL, NULL),
(7079, '2015-11-09 17:00:00', 10, 100, 'NO', NULL, 0, 'NO', 90, NULL, NULL),
(7080, '2015-11-09 17:15:00', 3, 100, 'NO', NULL, 0, 'NO', 90, NULL, NULL),
(7081, '2015-11-09 17:30:00', 9, 100, 'NO', NULL, 0, 'NO', 90, NULL, NULL),
(7082, '2015-11-09 17:45:00', 7, 100, 'NO', NULL, 0, 'NO', 90, NULL, NULL),
(7083, '2015-11-09 18:00:00', 7, 100, 'NO', NULL, 0, 'NO', 90, NULL, NULL),
(7084, '2015-11-09 18:15:00', 8, 100, 'NO', NULL, 0, 'NO', 90, NULL, NULL),
(7085, '2015-11-09 18:30:00', 5, 100, 'NO', NULL, 0, 'NO', 90, NULL, NULL),
(7086, '2015-11-09 18:45:00', 3, 100, 'NO', NULL, 0, 'NO', 90, NULL, NULL),
(7087, '2015-11-09 19:00:00', 1, 100, 'NO', NULL, 0, 'NO', 90, NULL, NULL),
(7088, '2015-11-09 19:15:00', 2, 100, 'NO', NULL, 0, 'NO', 90, NULL, NULL),
(7089, '2015-11-09 19:30:00', 2, 100, 'NO', NULL, 0, 'NO', 90, NULL, NULL),
(7090, '2015-11-09 19:45:00', 7, 100, 'NO', NULL, 0, 'NO', 90, NULL, NULL),
(7091, '2015-11-09 20:00:00', 1, 100, 'NO', NULL, 0, 'NO', 90, NULL, NULL),
(7092, '2015-11-09 20:15:00', 10, 100, 'NO', NULL, 0, 'NO', 90, NULL, NULL),
(7093, '2015-11-09 20:30:00', 10, 100, 'NO', NULL, 0, 'NO', 90, NULL, NULL),
(7094, '2015-11-09 20:45:00', 1, 100, 'NO', NULL, 0, 'NO', 90, NULL, NULL),
(7095, '2015-11-09 21:00:00', 3, 100, 'NO', NULL, 0, 'NO', 90, NULL, NULL),
(7096, '2015-11-09 21:15:00', 8, 100, 'NO', NULL, 0, 'NO', 90, NULL, NULL),
(7097, '2015-11-09 21:30:00', 8, 100, 'NO', NULL, 0, 'NO', 90, NULL, NULL),
(7098, '2015-11-09 21:45:00', 1, 100, 'NO', NULL, 0, 'NO', 90, NULL, NULL),
(7099, '2015-11-09 22:00:00', 3, 100, 'NO', NULL, 0, 'NO', 90, NULL, NULL),
(7100, '2015-11-10 08:30:00', 7, 100, 'NO', NULL, 0, 'NO', 0, NULL, NULL),
(7101, '2015-11-10 08:45:00', 7, 100, 'NO', NULL, 0, 'NO', 0, NULL, NULL),
(7102, '2015-11-10 09:00:00', 1, 100, 'NO', NULL, 0, 'NO', 0, NULL, NULL),
(7103, '2015-11-10 09:15:00', 9, 100, 'NO', NULL, 0, 'NO', 0, NULL, NULL),
(7104, '2015-11-10 09:30:00', 4, 100, 'NO', NULL, 0, 'NO', 0, NULL, NULL),
(7105, '2015-11-10 09:45:00', 6, 100, 'NO', NULL, 0, 'NO', 0, NULL, NULL),
(7106, '2015-11-10 10:00:00', 3, 100, 'NO', NULL, 0, 'NO', 0, NULL, NULL),
(7107, '2015-11-10 10:15:00', 1, 100, 'NO', NULL, 0, 'NO', 0, NULL, NULL),
(7108, '2015-11-10 10:30:00', 1, 100, 'NO', NULL, 0, 'NO', 0, NULL, NULL),
(7109, '2015-11-10 10:45:00', 4, 100, 'NO', NULL, 0, 'NO', 0, NULL, NULL),
(7110, '2015-11-10 11:00:00', 3, 100, 'NO', NULL, 0, 'NO', 0, NULL, NULL),
(7111, '2015-11-10 11:15:00', 5, 100, 'NO', NULL, 0, 'NO', 0, NULL, NULL),
(7112, '2015-11-10 11:30:00', 7, 100, 'NO', NULL, 0, 'NO', 0, NULL, NULL),
(7113, '2015-11-10 11:45:00', 8, 100, 'NO', NULL, 0, 'NO', 0, NULL, NULL),
(7114, '2015-11-10 12:00:00', 2, 100, 'NO', NULL, 0, 'NO', 0, NULL, NULL),
(7115, '2015-11-10 12:15:00', 5, 100, 'NO', NULL, 0, 'NO', 0, NULL, NULL),
(7116, '2015-11-10 12:30:00', 10, 100, 'NO', NULL, 0, 'NO', 0, NULL, NULL),
(7117, '2015-11-10 12:45:00', 3, 100, 'NO', NULL, 0, 'NO', 0, NULL, NULL),
(7118, '2015-11-10 13:00:00', 7, 100, 'NO', NULL, 0, 'NO', 0, NULL, NULL),
(7119, '2015-11-10 13:15:00', 2, 100, 'NO', NULL, 0, 'NO', 0, NULL, NULL),
(7120, '2015-11-10 13:30:00', 3, 100, 'NO', NULL, 0, 'NO', 0, NULL, NULL),
(7121, '2015-11-10 13:45:00', 10, 100, 'NO', NULL, 0, 'NO', 0, NULL, NULL),
(7122, '2015-11-10 14:00:00', 4, 100, 'NO', NULL, 0, 'NO', 0, NULL, NULL),
(7123, '2015-11-10 14:15:00', 10, 100, 'NO', NULL, 0, 'NO', 0, NULL, NULL),
(7124, '2015-11-10 14:30:00', 3, 100, 'NO', NULL, 0, 'NO', 0, NULL, NULL),
(7125, '2015-11-10 14:45:00', 1, 100, 'NO', NULL, 0, 'NO', 0, NULL, NULL),
(7126, '2015-11-10 15:00:00', 8, 100, 'NO', NULL, 0, 'NO', 0, NULL, NULL),
(7127, '2015-11-10 15:15:00', 6, 100, 'NO', NULL, 0, 'NO', 0, NULL, NULL),
(7128, '2015-11-10 15:30:00', 5, 100, 'NO', NULL, 0, 'NO', 0, NULL, NULL),
(7129, '2015-11-10 15:45:00', 8, 100, 'NO', NULL, 0, 'NO', 0, NULL, NULL),
(7130, '2015-11-10 16:00:00', 6, 100, 'NO', NULL, 0, 'NO', 0, NULL, NULL),
(7131, '2015-11-10 16:15:00', 9, 100, 'NO', NULL, 0, 'NO', 0, NULL, NULL),
(7132, '2015-11-10 16:30:00', 9, 100, 'NO', NULL, 0, 'NO', 0, NULL, NULL),
(7133, '2015-11-10 16:45:00', 8, 100, 'NO', NULL, 0, 'NO', 0, NULL, NULL),
(7134, '2015-11-10 17:00:00', 2, 100, 'NO', NULL, 0, 'NO', 0, NULL, NULL),
(7135, '2015-11-10 17:15:00', 8, 100, 'NO', NULL, 0, 'NO', 0, NULL, NULL),
(7136, '2015-11-10 17:30:00', 4, 100, 'NO', NULL, 0, 'NO', 0, NULL, NULL),
(7137, '2015-11-10 17:45:00', 4, 100, 'NO', NULL, 0, 'NO', 0, NULL, NULL),
(7138, '2015-11-10 18:00:00', 9, 100, 'NO', NULL, 0, 'NO', 0, NULL, NULL),
(7139, '2015-11-10 18:15:00', 10, 100, 'NO', NULL, 0, 'NO', 0, NULL, NULL),
(7140, '2015-11-10 18:30:00', 10, 100, 'NO', NULL, 0, 'NO', 0, NULL, NULL),
(7141, '2015-11-10 18:45:00', 8, 100, 'NO', NULL, 0, 'NO', 0, NULL, NULL),
(7142, '2015-11-10 19:00:00', 2, 100, 'NO', NULL, 0, 'NO', 0, NULL, NULL),
(7143, '2015-11-10 19:15:00', 8, 100, 'NO', NULL, 0, 'NO', 0, NULL, NULL),
(7144, '2015-11-10 19:30:00', 1, 100, 'NO', NULL, 0, 'NO', 0, NULL, NULL),
(7145, '2015-11-10 19:45:00', 10, 100, 'NO', NULL, 0, 'NO', 0, NULL, NULL),
(7146, '2015-11-10 20:00:00', 10, 100, 'NO', NULL, 0, 'NO', 0, NULL, NULL),
(7147, '2015-11-10 20:15:00', 8, 100, 'NO', NULL, 0, 'NO', 0, NULL, NULL),
(7148, '2015-11-10 20:30:00', 8, 100, 'NO', NULL, 0, 'NO', 0, NULL, NULL),
(7149, '2015-11-10 20:45:00', 6, 100, 'NO', NULL, 0, 'NO', 0, NULL, NULL),
(7150, '2015-11-10 21:00:00', 10, 100, 'NO', NULL, 0, 'NO', 0, NULL, NULL),
(7151, '2015-11-10 21:15:00', 2, 100, 'NO', NULL, 0, 'NO', 0, NULL, NULL),
(7152, '2015-11-10 21:30:00', 10, 100, 'NO', NULL, 0, 'NO', 0, NULL, NULL),
(7153, '2015-11-10 21:45:00', 10, 100, 'NO', NULL, 0, 'NO', 0, NULL, NULL),
(7154, '2015-11-10 22:00:00', 4, 100, 'NO', NULL, 0, 'NO', 0, NULL, NULL),
(7155, '2015-11-10 22:15:00', 3, 100, 'NO', NULL, 0, 'NO', 0, NULL, NULL),
(7156, '2015-11-10 22:30:00', 6, 100, 'NO', NULL, 0, 'NO', 0, NULL, NULL),
(7157, '2015-11-10 22:45:00', 5, 100, 'NO', NULL, 0, 'NO', 0, NULL, NULL),
(7158, '2015-11-10 23:00:00', 1, 100, 'NO', NULL, 0, 'NO', 0, NULL, NULL),
(7159, '2015-11-11 08:30:00', 7, 100, 'NO', NULL, 0, 'NO', 0, NULL, NULL),
(7160, '2015-11-11 08:45:00', 2, 100, 'NO', NULL, 0, 'NO', 0, NULL, NULL),
(7161, '2015-11-11 09:00:00', 9, 100, 'NO', NULL, 0, 'NO', 0, NULL, NULL),
(7162, '2015-11-11 09:15:00', 4, 100, 'NO', NULL, 0, 'NO', 0, NULL, NULL),
(7163, '2015-11-11 09:30:00', 4, 100, 'NO', NULL, 0, 'NO', 0, NULL, NULL),
(7164, '2015-11-11 09:45:00', 7, 100, 'NO', NULL, 0, 'NO', 0, NULL, NULL),
(7165, '2015-11-11 10:00:00', 5, 100, 'NO', NULL, 0, 'NO', 0, NULL, NULL),
(7166, '2015-11-11 10:15:00', 10, 100, 'NO', NULL, 0, 'NO', 0, NULL, NULL),
(7167, '2015-11-11 10:30:00', 7, 100, 'NO', NULL, 0, 'NO', 0, NULL, NULL),
(7168, '2015-11-11 10:45:00', 1, 100, 'NO', NULL, 0, 'NO', 0, NULL, NULL),
(7169, '2015-11-11 11:00:00', 7, 100, 'NO', NULL, 0, 'NO', 0, NULL, NULL),
(7170, '2015-11-11 11:15:00', 4, 100, 'NO', NULL, 0, 'NO', 0, NULL, NULL),
(7171, '2015-11-11 11:30:00', 4, 100, 'NO', NULL, 0, 'NO', 0, NULL, NULL),
(7172, '2015-11-11 11:45:00', 6, 100, 'NO', NULL, 0, 'NO', 0, NULL, NULL),
(7173, '2015-11-11 12:00:00', 9, 100, 'NO', NULL, 0, 'NO', 0, NULL, NULL),
(7174, '2015-11-11 12:15:00', 6, 100, 'NO', NULL, 0, 'NO', 0, NULL, NULL),
(7175, '2015-11-11 12:30:00', 1, 100, 'NO', NULL, 0, 'NO', 0, NULL, NULL),
(7176, '2015-11-11 12:45:00', 1, 100, 'NO', NULL, 0, 'NO', 0, NULL, NULL),
(7177, '2015-11-11 13:00:00', 4, 100, 'NO', NULL, 0, 'NO', 0, NULL, NULL),
(7178, '2015-11-11 13:15:00', 7, 100, 'NO', NULL, 0, 'NO', 0, NULL, NULL),
(7179, '2015-11-11 13:30:00', 5, 100, 'NO', NULL, 0, 'NO', 0, NULL, NULL),
(7180, '2015-11-11 13:45:00', 8, 100, 'NO', NULL, 0, 'NO', 0, NULL, NULL),
(7181, '2015-11-11 14:00:00', 6, 100, 'NO', NULL, 0, 'NO', 0, NULL, NULL),
(7182, '2015-11-11 14:15:00', 7, 100, 'NO', NULL, 0, 'NO', 0, NULL, NULL),
(7183, '2015-11-11 14:30:00', 9, 100, 'NO', NULL, 0, 'NO', 0, NULL, NULL),
(7184, '2015-11-11 14:45:00', 3, 100, 'NO', NULL, 0, 'NO', 0, NULL, NULL),
(7185, '2015-11-11 15:00:00', 5, 100, 'NO', NULL, 0, 'NO', 0, NULL, NULL),
(7186, '2015-11-11 15:15:00', 1, 100, 'NO', NULL, 0, 'NO', 0, NULL, NULL),
(7187, '2015-11-11 15:30:00', 4, 100, 'NO', NULL, 0, 'NO', 0, NULL, NULL),
(7188, '2015-11-11 15:45:00', 8, 100, 'NO', NULL, 0, 'NO', 0, NULL, NULL),
(7189, '2015-11-11 16:00:00', 6, 100, 'NO', NULL, 0, 'NO', 0, NULL, NULL),
(7190, '2015-11-11 16:15:00', 5, 100, 'NO', NULL, 0, 'NO', 0, NULL, NULL),
(7191, '2015-11-11 16:30:00', 5, 100, 'NO', NULL, 0, 'NO', 0, NULL, NULL),
(7192, '2015-11-11 16:45:00', 6, 100, 'NO', NULL, 0, 'NO', 0, NULL, NULL),
(7193, '2015-11-11 17:00:00', 3, 100, 'NO', NULL, 0, 'NO', 0, NULL, NULL),
(7194, '2015-11-11 17:15:00', 5, 100, 'NO', NULL, 0, 'NO', 0, NULL, NULL),
(7195, '2015-11-11 17:30:00', 4, 100, 'NO', NULL, 0, 'NO', 0, NULL, NULL),
(7196, '2015-11-11 17:45:00', 1, 100, 'NO', NULL, 0, 'NO', 0, NULL, NULL),
(7197, '2015-11-11 18:00:00', 1, 100, 'NO', NULL, 0, 'NO', 0, NULL, NULL),
(7198, '2015-11-11 18:15:00', 4, 100, 'NO', NULL, 0, 'NO', 0, NULL, NULL),
(7199, '2015-11-11 18:30:00', 5, 100, 'NO', NULL, 0, 'NO', 0, NULL, NULL),
(7200, '2015-11-11 18:45:00', 8, 100, 'NO', NULL, 0, 'NO', 0, NULL, NULL),
(7201, '2015-11-11 19:00:00', 5, 100, 'NO', NULL, 0, 'NO', 0, NULL, NULL),
(7202, '2015-11-11 19:15:00', 4, 100, 'NO', NULL, 0, 'NO', 0, NULL, NULL),
(7203, '2015-11-11 19:30:00', 3, 100, 'NO', NULL, 0, 'NO', 0, NULL, NULL),
(7204, '2015-11-11 19:45:00', 1, 100, 'NO', NULL, 0, 'NO', 0, NULL, NULL),
(7205, '2015-11-11 20:00:00', 2, 100, 'NO', NULL, 0, 'NO', 0, NULL, NULL),
(7206, '2015-11-11 20:15:00', 10, 100, 'NO', NULL, 0, 'NO', 0, NULL, NULL),
(7207, '2015-11-11 20:30:00', 4, 100, 'NO', NULL, 0, 'NO', 0, NULL, NULL),
(7208, '2015-11-11 20:45:00', 9, 100, 'NO', NULL, 0, 'NO', 0, NULL, NULL),
(7209, '2015-11-11 21:00:00', 8, 100, 'NO', NULL, 0, 'NO', 0, NULL, NULL),
(7210, '2015-11-11 21:15:00', 2, 100, 'NO', NULL, 0, 'NO', 0, NULL, NULL),
(7211, '2015-11-11 21:30:00', 2, 100, 'NO', NULL, 0, 'NO', 0, NULL, NULL),
(7212, '2015-11-11 21:45:00', 9, 100, 'NO', NULL, 0, 'NO', 0, NULL, NULL),
(7213, '2015-11-11 22:00:00', 9, 100, 'NO', NULL, 0, 'NO', 0, NULL, NULL),
(7214, '2015-11-12 08:30:00', 7, 100, 'NO', NULL, 0, 'NO', 0, NULL, NULL),
(7215, '2015-11-12 08:45:00', 8, 100, 'NO', NULL, 0, 'NO', 0, NULL, NULL),
(7216, '2015-11-12 09:00:00', 1, 100, 'NO', NULL, 0, 'NO', 0, NULL, NULL),
(7217, '2015-11-12 09:15:00', 4, 100, 'NO', NULL, 0, 'NO', 0, NULL, NULL),
(7218, '2015-11-12 09:30:00', 9, 100, 'NO', NULL, 0, 'NO', 0, NULL, NULL),
(7219, '2015-11-12 09:45:00', 9, 100, 'NO', NULL, 0, 'NO', 0, NULL, NULL),
(7220, '2015-11-12 10:00:00', 8, 100, 'NO', NULL, 0, 'NO', 0, NULL, NULL),
(7221, '2015-11-12 10:15:00', 9, 100, 'NO', NULL, 0, 'NO', 0, NULL, NULL),
(7222, '2015-11-12 10:30:00', 9, 100, 'NO', NULL, 0, 'NO', 0, NULL, NULL),
(7223, '2015-11-12 10:45:00', 5, 100, 'NO', NULL, 0, 'NO', 0, NULL, NULL),
(7224, '2015-11-12 11:00:00', 6, 100, 'NO', NULL, 0, 'NO', 0, NULL, NULL),
(7225, '2015-11-12 11:15:00', 7, 100, 'NO', NULL, 0, 'NO', 0, NULL, NULL),
(7226, '2015-11-12 11:30:00', 3, 100, 'NO', NULL, 0, 'NO', 0, NULL, NULL),
(7227, '2015-11-12 11:45:00', 6, 100, 'NO', NULL, 0, 'NO', 0, NULL, NULL),
(7228, '2015-11-12 12:00:00', 5, 100, 'NO', NULL, 0, 'NO', 0, NULL, NULL),
(7229, '2015-11-12 12:15:00', 3, 100, 'NO', NULL, 0, 'NO', 0, NULL, NULL),
(7230, '2015-11-12 12:30:00', 4, 100, 'NO', NULL, 0, 'NO', 0, NULL, NULL),
(7231, '2015-11-12 12:45:00', 8, 100, 'NO', NULL, 0, 'NO', 0, NULL, NULL),
(7232, '2015-11-12 13:00:00', 2, 100, 'NO', NULL, 0, 'NO', 0, NULL, NULL),
(7233, '2015-11-12 13:15:00', 10, 100, 'NO', NULL, 0, 'NO', 0, NULL, NULL),
(7234, '2015-11-12 13:30:00', 8, 100, 'NO', NULL, 0, 'NO', 0, NULL, NULL),
(7235, '2015-11-12 13:45:00', 8, 100, 'NO', NULL, 0, 'NO', 0, NULL, NULL),
(7236, '2015-11-12 14:00:00', 4, 100, 'NO', NULL, 0, 'NO', 0, NULL, NULL),
(7237, '2015-11-12 14:15:00', 1, 100, 'NO', NULL, 0, 'NO', 0, NULL, NULL),
(7238, '2015-11-12 14:30:00', 9, 100, 'NO', NULL, 0, 'NO', 0, NULL, NULL),
(7239, '2015-11-12 14:45:00', 5, 100, 'NO', NULL, 0, 'NO', 0, NULL, NULL),
(7240, '2015-11-12 15:00:00', 7, 100, 'NO', NULL, 0, 'NO', 0, NULL, NULL),
(7241, '2015-11-12 15:15:00', 5, 100, 'NO', NULL, 0, 'NO', 0, NULL, NULL),
(7242, '2015-11-12 15:30:00', 5, 100, 'NO', NULL, 0, 'NO', 0, NULL, NULL),
(7243, '2015-11-12 15:45:00', 4, 100, 'NO', NULL, 0, 'NO', 0, NULL, NULL),
(7244, '2015-11-12 16:00:00', 2, 100, 'NO', NULL, 0, 'NO', 0, NULL, NULL),
(7245, '2015-11-12 16:15:00', 4, 100, 'NO', NULL, 0, 'NO', 0, NULL, NULL),
(7246, '2015-11-12 16:30:00', 9, 100, 'NO', NULL, 0, 'NO', 0, NULL, NULL),
(7247, '2015-11-12 16:45:00', 2, 100, 'NO', NULL, 0, 'NO', 0, NULL, NULL),
(7248, '2015-11-12 17:00:00', 5, 100, 'NO', NULL, 0, 'NO', 0, NULL, NULL),
(7249, '2015-11-12 17:15:00', 5, 100, 'NO', NULL, 0, 'NO', 0, NULL, NULL),
(7250, '2015-11-12 17:30:00', 10, 100, 'NO', NULL, 0, 'NO', 0, NULL, NULL),
(7251, '2015-11-12 17:45:00', 6, 100, 'NO', NULL, 0, 'NO', 0, NULL, NULL),
(7252, '2015-11-12 18:00:00', 9, 100, 'NO', NULL, 0, 'NO', 0, NULL, NULL),
(7253, '2015-11-12 18:15:00', 2, 100, 'NO', NULL, 0, 'NO', 0, NULL, NULL),
(7254, '2015-11-12 18:30:00', 9, 100, 'NO', NULL, 0, 'NO', 0, NULL, NULL),
(7255, '2015-11-12 18:45:00', 4, 100, 'NO', NULL, 0, 'NO', 0, NULL, NULL),
(7256, '2015-11-12 19:00:00', 9, 100, 'NO', NULL, 0, 'NO', 0, NULL, NULL),
(7257, '2015-11-12 19:15:00', 8, 100, 'NO', NULL, 0, 'NO', 0, NULL, NULL),
(7258, '2015-11-12 19:30:00', 6, 100, 'NO', NULL, 0, 'NO', 0, NULL, NULL),
(7259, '2015-11-12 19:45:00', 4, 100, 'NO', NULL, 0, 'NO', 0, NULL, NULL),
(7260, '2015-11-12 20:00:00', 4, 100, 'NO', NULL, 0, 'NO', 0, NULL, NULL),
(7261, '2015-11-12 20:15:00', 6, 100, 'NO', NULL, 0, 'NO', 0, NULL, NULL),
(7262, '2015-11-12 20:30:00', 10, 100, 'NO', NULL, 0, 'NO', 0, NULL, NULL),
(7263, '2015-11-12 20:45:00', 2, 100, 'NO', NULL, 0, 'NO', 0, NULL, NULL),
(7264, '2015-11-12 21:00:00', 1, 100, 'NO', NULL, 0, 'NO', 0, NULL, NULL),
(7265, '2015-11-12 21:15:00', 7, 100, 'NO', NULL, 0, 'NO', 0, NULL, NULL),
(7266, '2015-11-12 21:30:00', 1, 100, 'NO', NULL, 0, 'NO', 0, NULL, NULL),
(7267, '2015-11-12 21:45:00', 8, 100, 'NO', NULL, 0, 'NO', 0, NULL, NULL),
(7268, '2015-11-12 22:00:00', 4, 100, 'NO', NULL, 0, 'NO', 0, NULL, NULL),
(7269, '2015-11-12 22:15:00', 2, 100, 'NO', NULL, 0, 'NO', 0, NULL, NULL),
(7270, '2015-11-12 22:30:00', 10, 100, 'NO', NULL, 0, 'NO', 0, NULL, NULL),
(7271, '2015-11-12 22:45:00', 1, 100, 'NO', NULL, 0, 'NO', 0, NULL, NULL),
(7272, '2015-11-12 23:00:00', 5, 100, 'NO', NULL, 0, 'NO', 0, NULL, NULL),
(7273, '2015-11-13 08:30:00', 1, 100, 'NO', NULL, 0, 'NO', 0, NULL, NULL),
(7274, '2015-11-13 08:45:00', 4, 100, 'NO', NULL, 0, 'NO', 0, NULL, NULL),
(7275, '2015-11-13 09:00:00', 1, 100, 'NO', NULL, 0, 'NO', 0, NULL, NULL),
(7276, '2015-11-13 09:15:00', 1, 100, 'NO', NULL, 0, 'NO', 0, NULL, NULL),
(7277, '2015-11-13 09:30:00', 1, 100, 'NO', NULL, 0, 'NO', 0, NULL, NULL),
(7278, '2015-11-13 09:45:00', 6, 100, 'NO', NULL, 0, 'NO', 0, NULL, NULL),
(7279, '2015-11-13 10:00:00', 4, 100, 'NO', NULL, 0, 'NO', 0, NULL, NULL),
(7280, '2015-11-13 10:15:00', 8, 100, 'NO', NULL, 0, 'NO', 0, NULL, NULL),
(7281, '2015-11-13 10:30:00', 2, 100, 'NO', NULL, 0, 'NO', 0, NULL, NULL),
(7282, '2015-11-13 10:45:00', 1, 100, 'NO', NULL, 0, 'NO', 0, NULL, NULL),
(7283, '2015-11-13 11:00:00', 10, 100, 'NO', NULL, 0, 'NO', 0, NULL, NULL),
(7284, '2015-11-13 11:15:00', 3, 100, 'NO', NULL, 0, 'NO', 0, NULL, NULL),
(7285, '2015-11-13 11:30:00', 10, 100, 'NO', NULL, 0, 'NO', 0, NULL, NULL),
(7286, '2015-11-13 11:45:00', 1, 100, 'NO', NULL, 0, 'NO', 0, NULL, NULL),
(7287, '2015-11-13 12:00:00', 6, 100, 'NO', NULL, 0, 'NO', 0, NULL, NULL),
(7288, '2015-11-13 12:15:00', 10, 100, 'NO', NULL, 0, 'NO', 0, NULL, NULL),
(7289, '2015-11-13 12:30:00', 9, 100, 'NO', NULL, 0, 'NO', 0, NULL, NULL),
(7290, '2015-11-13 12:45:00', 9, 100, 'NO', NULL, 0, 'NO', 0, NULL, NULL),
(7291, '2015-11-13 13:00:00', 3, 100, 'NO', NULL, 0, 'NO', 0, NULL, NULL),
(7292, '2015-11-13 13:15:00', 5, 100, 'NO', NULL, 0, 'NO', 0, NULL, NULL),
(7293, '2015-11-13 13:30:00', 8, 100, 'NO', NULL, 0, 'NO', 0, NULL, NULL),
(7294, '2015-11-13 13:45:00', 2, 100, 'NO', NULL, 0, 'NO', 0, NULL, NULL),
(7295, '2015-11-13 14:00:00', 3, 100, 'NO', NULL, 0, 'NO', 0, NULL, NULL),
(7296, '2015-11-13 14:15:00', 7, 100, 'NO', NULL, 0, 'NO', 0, NULL, NULL),
(7297, '2015-11-13 14:30:00', 7, 100, 'NO', NULL, 0, 'NO', 0, NULL, NULL),
(7298, '2015-11-13 14:45:00', 9, 100, 'NO', NULL, 0, 'NO', 0, NULL, NULL),
(7299, '2015-11-13 15:00:00', 6, 100, 'NO', NULL, 0, 'NO', 0, NULL, NULL),
(7300, '2015-11-13 15:15:00', 6, 100, 'NO', NULL, 0, 'NO', 0, NULL, NULL),
(7301, '2015-11-13 15:30:00', 2, 100, 'NO', NULL, 0, 'NO', 0, NULL, NULL),
(7302, '2015-11-13 15:45:00', 5, 100, 'NO', NULL, 0, 'NO', 0, NULL, NULL),
(7303, '2015-11-13 16:00:00', 6, 100, 'NO', NULL, 0, 'NO', 0, NULL, NULL),
(7304, '2015-11-13 16:15:00', 10, 100, 'NO', NULL, 0, 'NO', 0, NULL, NULL),
(7305, '2015-11-13 16:30:00', 9, 100, 'NO', NULL, 0, 'NO', 0, NULL, NULL),
(7306, '2015-11-13 16:45:00', 5, 100, 'NO', NULL, 0, 'NO', 0, NULL, NULL),
(7307, '2015-11-13 17:00:00', 5, 100, 'NO', NULL, 0, 'NO', 0, NULL, NULL),
(7308, '2015-11-13 17:15:00', 8, 100, 'NO', NULL, 0, 'NO', 0, NULL, NULL),
(7309, '2015-11-13 17:30:00', 8, 100, 'NO', NULL, 0, 'NO', 0, NULL, NULL),
(7310, '2015-11-13 17:45:00', 2, 100, 'NO', NULL, 0, 'NO', 0, NULL, NULL),
(7311, '2015-11-13 18:00:00', 2, 100, 'NO', NULL, 0, 'NO', 0, NULL, NULL),
(7312, '2015-11-13 18:15:00', 9, 100, 'NO', NULL, 0, 'NO', 0, NULL, NULL),
(7313, '2015-11-13 18:30:00', 2, 100, 'NO', NULL, 0, 'NO', 0, NULL, NULL),
(7314, '2015-11-13 18:45:00', 7, 100, 'NO', NULL, 0, 'NO', 0, NULL, NULL),
(7315, '2015-11-13 19:00:00', 9, 100, 'NO', NULL, 0, 'NO', 0, NULL, NULL),
(7316, '2015-11-13 19:15:00', 7, 100, 'NO', NULL, 0, 'NO', 0, NULL, NULL),
(7317, '2015-11-13 19:30:00', 7, 100, 'NO', NULL, 0, 'NO', 0, NULL, NULL),
(7318, '2015-11-13 19:45:00', 6, 100, 'NO', NULL, 0, 'NO', 0, NULL, NULL),
(7319, '2015-11-13 20:00:00', 8, 100, 'NO', NULL, 0, 'NO', 0, NULL, NULL),
(7320, '2015-11-13 20:15:00', 1, 100, 'NO', NULL, 0, 'NO', 0, NULL, NULL),
(7321, '2015-11-13 20:30:00', 6, 100, 'NO', NULL, 0, 'NO', 0, NULL, NULL),
(7322, '2015-11-13 20:45:00', 9, 100, 'NO', NULL, 0, 'NO', 0, NULL, NULL),
(7323, '2015-11-13 21:00:00', 5, 100, 'NO', NULL, 0, 'NO', 0, NULL, NULL),
(7324, '2015-11-13 21:15:00', 6, 100, 'NO', NULL, 0, 'NO', 0, NULL, NULL),
(7325, '2015-11-13 21:30:00', 10, 100, 'NO', NULL, 0, 'NO', 0, NULL, NULL),
(7326, '2015-11-13 21:45:00', 2, 100, 'NO', NULL, 0, 'NO', 0, NULL, NULL),
(7327, '2015-11-13 22:00:00', 10, 100, 'NO', NULL, 0, 'NO', 0, NULL, NULL),
(7328, '2015-11-14 08:30:00', 9, 100, 'NO', NULL, 0, 'NO', 0, NULL, NULL),
(7329, '2015-11-14 08:45:00', 4, 100, 'NO', NULL, 0, 'NO', 0, NULL, NULL),
(7330, '2015-11-14 09:00:00', 1, 100, 'NO', NULL, 0, 'NO', 0, NULL, NULL),
(7331, '2015-11-14 09:15:00', 5, 100, 'NO', NULL, 0, 'NO', 0, NULL, NULL),
(7332, '2015-11-14 09:30:00', 5, 100, 'NO', NULL, 0, 'NO', 0, NULL, NULL),
(7333, '2015-11-14 09:45:00', 1, 100, 'NO', NULL, 0, 'NO', 0, NULL, NULL),
(7334, '2015-11-14 10:00:00', 1, 100, 'NO', NULL, 0, 'NO', 0, NULL, NULL),
(7335, '2015-11-14 10:15:00', 3, 100, 'NO', NULL, 0, 'NO', 0, NULL, NULL),
(7336, '2015-11-14 10:30:00', 9, 100, 'NO', NULL, 0, 'NO', 0, NULL, NULL),
(7337, '2015-11-14 10:45:00', 4, 100, 'NO', NULL, 0, 'NO', 0, NULL, NULL),
(7338, '2015-11-14 11:00:00', 10, 100, 'NO', NULL, 0, 'NO', 0, NULL, NULL),
(7339, '2015-11-14 11:15:00', 8, 100, 'NO', NULL, 0, 'NO', 0, NULL, NULL),
(7340, '2015-11-14 11:30:00', 8, 100, 'NO', NULL, 0, 'NO', 0, NULL, NULL),
(7341, '2015-11-14 11:45:00', 2, 100, 'NO', NULL, 0, 'NO', 0, NULL, NULL),
(7342, '2015-11-14 12:00:00', 4, 100, 'NO', NULL, 0, 'NO', 0, NULL, NULL),
(7343, '2015-11-14 12:15:00', 7, 100, 'NO', NULL, 0, 'NO', 0, NULL, NULL),
(7344, '2015-11-14 12:30:00', 6, 100, 'NO', NULL, 0, 'NO', 0, NULL, NULL),
(7345, '2015-11-14 12:45:00', 1, 100, 'NO', NULL, 0, 'NO', 0, NULL, NULL),
(7346, '2015-11-14 13:00:00', 3, 100, 'NO', NULL, 0, 'NO', 0, NULL, NULL),
(7347, '2015-11-14 13:15:00', 9, 100, 'NO', NULL, 0, 'NO', 0, NULL, NULL),
(7348, '2015-11-14 13:30:00', 7, 100, 'NO', NULL, 0, 'NO', 0, NULL, NULL),
(7349, '2015-11-14 13:45:00', 6, 100, 'NO', NULL, 0, 'NO', 0, NULL, NULL),
(7350, '2015-11-14 14:00:00', 4, 100, 'NO', NULL, 0, 'NO', 0, NULL, NULL),
(7351, '2015-11-14 14:15:00', 10, 100, 'NO', NULL, 0, 'NO', 0, NULL, NULL),
(7352, '2015-11-14 14:30:00', 2, 100, 'NO', NULL, 0, 'NO', 0, NULL, NULL),
(7353, '2015-11-14 14:45:00', 10, 100, 'NO', NULL, 0, 'NO', 0, NULL, NULL),
(7354, '2015-11-14 15:00:00', 5, 100, 'NO', NULL, 0, 'NO', 0, NULL, NULL),
(7355, '2015-11-14 15:15:00', 1, 100, 'NO', NULL, 0, 'NO', 0, NULL, NULL),
(7356, '2015-11-14 15:30:00', 9, 100, 'NO', NULL, 0, 'NO', 0, NULL, NULL),
(7357, '2015-11-14 15:45:00', 2, 100, 'NO', NULL, 0, 'NO', 0, NULL, NULL),
(7358, '2015-11-14 16:00:00', 1, 100, 'NO', NULL, 0, 'NO', 0, NULL, NULL),
(7359, '2015-11-14 16:15:00', 3, 100, 'NO', NULL, 0, 'NO', 0, NULL, NULL),
(7360, '2015-11-14 16:30:00', 7, 100, 'NO', NULL, 0, 'NO', 0, NULL, NULL),
(7361, '2015-11-14 16:45:00', 8, 100, 'NO', NULL, 0, 'NO', 0, NULL, NULL),
(7362, '2015-11-14 17:00:00', 2, 100, 'NO', NULL, 0, 'NO', 0, NULL, NULL),
(7363, '2015-11-14 17:15:00', 5, 100, 'NO', NULL, 0, 'NO', 0, NULL, NULL),
(7364, '2015-11-14 17:30:00', 9, 100, 'NO', NULL, 0, 'NO', 0, NULL, NULL),
(7365, '2015-11-14 17:45:00', 6, 100, 'NO', NULL, 0, 'NO', 0, NULL, NULL),
(7366, '2015-11-14 18:00:00', 4, 100, 'NO', NULL, 0, 'NO', 0, NULL, NULL),
(7367, '2015-11-14 18:15:00', 7, 100, 'NO', NULL, 0, 'NO', 0, NULL, NULL),
(7368, '2015-11-14 18:30:00', 5, 100, 'NO', NULL, 0, 'NO', 0, NULL, NULL),
(7369, '2015-11-14 18:45:00', 1, 100, 'NO', NULL, 0, 'NO', 0, NULL, NULL),
(7370, '2015-11-14 19:00:00', 1, 100, 'NO', NULL, 0, 'NO', 0, NULL, NULL),
(7371, '2015-11-14 19:15:00', 7, 100, 'NO', NULL, 0, 'NO', 0, NULL, NULL),
(7372, '2015-11-14 19:30:00', 2, 100, 'NO', NULL, 0, 'NO', 0, NULL, NULL),
(7373, '2015-11-14 19:45:00', 3, 100, 'NO', NULL, 0, 'NO', 0, NULL, NULL),
(7374, '2015-11-14 20:00:00', 8, 100, 'NO', NULL, 0, 'NO', 0, NULL, NULL),
(7375, '2015-11-14 20:15:00', 3, 100, 'NO', NULL, 0, 'NO', 0, NULL, NULL),
(7376, '2015-11-14 20:30:00', 10, 100, 'NO', NULL, 0, 'NO', 0, NULL, NULL),
(7377, '2015-11-14 20:45:00', 4, 100, 'NO', NULL, 0, 'NO', 0, NULL, NULL),
(7378, '2015-11-14 21:00:00', 9, 100, 'NO', NULL, 0, 'NO', 0, NULL, NULL),
(7379, '2015-11-14 21:15:00', 2, 100, 'NO', NULL, 0, 'NO', 0, NULL, NULL),
(7380, '2015-11-14 21:30:00', 10, 100, 'NO', NULL, 0, 'NO', 0, NULL, NULL),
(7381, '2015-11-14 21:45:00', 3, 100, 'NO', NULL, 0, 'NO', 0, NULL, NULL),
(7382, '2015-11-14 22:00:00', 3, 100, 'NO', NULL, 0, 'NO', 0, NULL, NULL),
(7383, '2015-11-14 22:15:00', 9, 100, 'NO', NULL, 0, 'NO', 0, NULL, NULL),
(7384, '2015-11-14 22:30:00', 2, 100, 'NO', NULL, 0, 'NO', 0, NULL, NULL),
(7385, '2015-11-14 22:45:00', 8, 100, 'NO', NULL, 0, 'NO', 0, NULL, NULL),
(7386, '2015-11-14 23:00:00', 7, 100, 'NO', NULL, 0, 'NO', 0, NULL, NULL),
(7387, '2015-11-15 08:30:00', 3, 100, 'NO', NULL, 0, 'NO', 0, NULL, NULL),
(7388, '2015-11-15 08:45:00', 5, 100, 'NO', NULL, 0, 'NO', 0, NULL, NULL),
(7389, '2015-11-15 09:00:00', 10, 100, 'NO', NULL, 0, 'NO', 0, NULL, NULL),
(7390, '2015-11-15 09:15:00', 8, 100, 'NO', NULL, 0, 'NO', 0, NULL, NULL),
(7391, '2015-11-15 09:30:00', 2, 100, 'NO', NULL, 0, 'NO', 0, NULL, NULL),
(7392, '2015-11-15 09:45:00', 5, 100, 'NO', NULL, 0, 'NO', 0, NULL, NULL),
(7393, '2015-11-15 10:00:00', 8, 100, 'NO', NULL, 0, 'NO', 0, NULL, NULL),
(7394, '2015-11-15 10:15:00', 7, 100, 'NO', NULL, 0, 'NO', 0, NULL, NULL),
(7395, '2015-11-15 10:30:00', 8, 100, 'NO', NULL, 0, 'NO', 0, NULL, NULL),
(7396, '2015-11-15 10:45:00', 10, 100, 'NO', NULL, 0, 'NO', 0, NULL, NULL),
(7397, '2015-11-15 11:00:00', 1, 100, 'NO', NULL, 0, 'NO', 0, NULL, NULL),
(7398, '2015-11-15 11:15:00', 2, 100, 'NO', NULL, 0, 'NO', 0, NULL, NULL),
(7399, '2015-11-15 11:30:00', 4, 100, 'NO', NULL, 0, 'NO', 0, NULL, NULL),
(7400, '2015-11-15 11:45:00', 2, 100, 'NO', NULL, 0, 'NO', 0, NULL, NULL),
(7401, '2015-11-15 12:00:00', 5, 100, 'NO', NULL, 0, 'NO', 0, NULL, NULL),
(7402, '2015-11-15 12:15:00', 3, 100, 'NO', NULL, 0, 'NO', 0, NULL, NULL),
(7403, '2015-11-15 12:30:00', 3, 100, 'NO', NULL, 0, 'NO', 0, NULL, NULL),
(7404, '2015-11-15 12:45:00', 2, 100, 'NO', NULL, 0, 'NO', 0, NULL, NULL),
(7405, '2015-11-15 13:00:00', 1, 100, 'NO', NULL, 0, 'NO', 0, NULL, NULL),
(7406, '2015-11-15 13:15:00', 7, 100, 'NO', NULL, 0, 'NO', 0, NULL, NULL),
(7407, '2015-11-15 13:30:00', 1, 100, 'NO', NULL, 0, 'NO', 0, NULL, NULL),
(7408, '2015-11-15 13:45:00', 10, 100, 'NO', NULL, 0, 'NO', 0, NULL, NULL),
(7409, '2015-11-15 14:00:00', 8, 100, 'NO', NULL, 0, 'NO', 0, NULL, NULL),
(7410, '2015-11-15 14:15:00', 1, 100, 'NO', NULL, 0, 'NO', 0, NULL, NULL),
(7411, '2015-11-15 14:30:00', 8, 100, 'NO', NULL, 0, 'NO', 0, NULL, NULL),
(7412, '2015-11-15 14:45:00', 1, 100, 'NO', NULL, 0, 'NO', 0, NULL, NULL),
(7413, '2015-11-15 15:00:00', 6, 100, 'NO', NULL, 0, 'NO', 0, NULL, NULL),
(7414, '2015-11-15 15:15:00', 7, 100, 'NO', NULL, 0, 'NO', 0, NULL, NULL),
(7415, '2015-11-15 15:30:00', 9, 100, 'NO', NULL, 0, 'NO', 0, NULL, NULL),
(7416, '2015-11-15 15:45:00', 10, 100, 'NO', NULL, 0, 'NO', 0, NULL, NULL),
(7417, '2015-11-15 16:00:00', 4, 100, 'NO', NULL, 0, 'NO', 0, NULL, NULL),
(7418, '2015-11-15 16:15:00', 4, 100, 'NO', NULL, 0, 'NO', 0, NULL, NULL),
(7419, '2015-11-15 16:30:00', 9, 100, 'NO', NULL, 0, 'NO', 0, NULL, NULL),
(7420, '2015-11-15 16:45:00', 5, 100, 'NO', NULL, 0, 'NO', 0, '2015-11-15 16:41:08', '103.251.213.78'),
(7421, '2015-11-15 17:00:00', 10, 100, 'NO', NULL, 0, 'NO', 0, NULL, NULL),
(7422, '2015-11-15 17:15:00', 8, 100, 'NO', NULL, 0, 'NO', 0, NULL, NULL),
(7423, '2015-11-15 17:30:00', 1, 100, 'NO', NULL, 0, 'NO', 0, NULL, NULL),
(7424, '2015-11-15 17:45:00', 3, 100, 'NO', NULL, 0, 'NO', 0, NULL, NULL),
(7425, '2015-11-15 18:00:00', 2, 100, 'NO', NULL, 0, 'NO', 0, NULL, NULL),
(7426, '2015-11-15 18:15:00', 3, 100, 'NO', NULL, 0, 'NO', 0, NULL, NULL),
(7427, '2015-11-15 18:30:00', 7, 100, 'NO', NULL, 0, 'NO', 0, NULL, NULL),
(7428, '2015-11-15 18:45:00', 7, 100, 'NO', NULL, 0, 'NO', 0, NULL, NULL),
(7429, '2015-11-15 19:00:00', 7, 100, 'NO', NULL, 0, 'NO', 0, NULL, NULL),
(7430, '2015-11-15 19:15:00', 3, 100, 'NO', NULL, 0, 'NO', 0, NULL, NULL),
(7431, '2015-11-15 19:30:00', 8, 100, 'NO', NULL, 0, 'NO', 0, NULL, NULL),
(7432, '2015-11-15 19:45:00', 3, 100, 'NO', NULL, 0, 'NO', 0, NULL, NULL),
(7433, '2015-11-15 20:00:00', 6, 100, 'NO', NULL, 0, 'NO', 0, NULL, NULL),
(7434, '2015-11-15 20:15:00', 2, 100, 'NO', NULL, 0, 'NO', 0, NULL, NULL),
(7435, '2015-11-15 20:30:00', 8, 100, 'NO', NULL, 0, 'NO', 0, NULL, NULL),
(7436, '2015-11-15 20:45:00', 4, 100, 'NO', NULL, 0, 'NO', 0, NULL, NULL),
(7437, '2015-11-15 21:00:00', 10, 100, 'NO', NULL, 0, 'NO', 0, NULL, NULL),
(7438, '2015-11-15 21:15:00', 8, 100, 'NO', NULL, 0, 'NO', 0, NULL, NULL),
(7439, '2015-11-15 21:30:00', 4, 100, 'NO', NULL, 0, 'NO', 0, NULL, NULL),
(7440, '2015-11-15 21:45:00', 1, 100, 'NO', NULL, 0, 'NO', 0, NULL, NULL),
(7441, '2015-11-15 22:00:00', 4, 100, 'NO', NULL, 0, 'NO', 0, NULL, NULL),
(7442, '2015-11-16 08:30:00', 6, 100, 'NO', NULL, 0, 'NO', 0, NULL, NULL),
(7443, '2015-11-16 08:45:00', 7, 100, 'NO', NULL, 0, 'NO', 0, NULL, NULL),
(7444, '2015-11-16 09:00:00', 5, 100, 'NO', NULL, 0, 'NO', 0, NULL, NULL),
(7445, '2015-11-16 09:15:00', 5, 100, 'NO', NULL, 0, 'NO', 0, NULL, NULL),
(7446, '2015-11-16 09:30:00', 2, 100, 'NO', NULL, 0, 'NO', 0, NULL, NULL),
(7447, '2015-11-16 09:45:00', 7, 100, 'NO', NULL, 0, 'NO', 0, NULL, NULL),
(7448, '2015-11-16 10:00:00', 9, 100, 'NO', NULL, 0, 'NO', 0, NULL, NULL),
(7449, '2015-11-16 10:15:00', 5, 100, 'NO', NULL, 0, 'NO', 0, NULL, NULL),
(7450, '2015-11-16 10:30:00', 5, 100, 'NO', NULL, 0, 'NO', 0, NULL, NULL),
(7451, '2015-11-16 10:45:00', 6, 100, 'NO', NULL, 0, 'NO', 0, NULL, NULL),
(7452, '2015-11-16 11:00:00', 1, 100, 'NO', NULL, 0, 'NO', 0, NULL, NULL),
(7453, '2015-11-16 11:15:00', 5, 100, 'NO', NULL, 0, 'NO', 0, NULL, NULL),
(7454, '2015-11-16 11:30:00', 4, 100, 'NO', NULL, 0, 'NO', 0, NULL, NULL),
(7455, '2015-11-16 11:45:00', 1, 100, 'NO', NULL, 0, 'NO', 0, NULL, NULL),
(7456, '2015-11-16 12:00:00', 3, 100, 'NO', NULL, 0, 'NO', 0, NULL, NULL),
(7457, '2015-11-16 12:15:00', 4, 100, 'NO', NULL, 0, 'NO', 0, NULL, NULL),
(7458, '2015-11-16 12:30:00', 10, 100, 'NO', NULL, 0, 'NO', 0, NULL, NULL),
(7459, '2015-11-16 12:45:00', 7, 100, 'NO', NULL, 0, 'NO', 0, NULL, NULL),
(7460, '2015-11-16 13:00:00', 8, 100, 'NO', NULL, 0, 'NO', 0, NULL, NULL),
(7461, '2015-11-16 13:15:00', 1, 200, 'YES', NULL, 0, 'NO', 0, '2015-11-16 13:14:31', '103.251.213.78'),
(7462, '2015-11-16 13:30:00', 5, 200, 'YES', NULL, 0, 'NO', 0, '2015-11-16 13:28:44', '103.251.213.78'),
(7463, '2015-11-16 13:45:00', 4, 100, 'NO', NULL, 0, 'NO', 0, NULL, NULL),
(7464, '2015-11-16 14:00:00', 4, 100, 'NO', NULL, 0, 'NO', 0, NULL, NULL),
(7465, '2015-11-16 14:15:00', 10, 100, 'NO', NULL, 0, 'NO', 0, NULL, NULL),
(7466, '2015-11-16 14:30:00', 2, 100, 'NO', NULL, 0, 'NO', 0, NULL, NULL),
(7467, '2015-11-16 14:45:00', 8, 100, 'NO', NULL, 0, 'NO', 0, NULL, NULL),
(7468, '2015-11-16 15:00:00', 10, 100, 'NO', NULL, 0, 'NO', 0, NULL, NULL),
(7469, '2015-11-16 15:15:00', 6, 100, 'NO', NULL, 0, 'NO', 0, NULL, NULL),
(7470, '2015-11-16 15:30:00', 5, 100, 'NO', NULL, 0, 'NO', 0, NULL, NULL),
(7471, '2015-11-16 15:45:00', 1, 100, 'NO', NULL, 0, 'NO', 0, NULL, NULL),
(7472, '2015-11-16 16:00:00', 5, 100, 'NO', NULL, 0, 'NO', 0, NULL, NULL),
(7473, '2015-11-16 16:15:00', 4, 100, 'NO', NULL, 0, 'NO', 0, NULL, NULL),
(7474, '2015-11-16 16:30:00', 5, 100, 'NO', NULL, 0, 'NO', 0, NULL, NULL),
(7475, '2015-11-16 16:45:00', 10, 100, 'NO', NULL, 0, 'NO', 0, NULL, NULL),
(7476, '2015-11-16 17:00:00', 7, 100, 'NO', NULL, 0, 'NO', 0, NULL, NULL),
(7477, '2015-11-16 17:15:00', 2, 100, 'NO', NULL, 0, 'NO', 0, NULL, NULL),
(7478, '2015-11-16 17:30:00', 6, 100, 'NO', NULL, 0, 'NO', 0, NULL, NULL),
(7479, '2015-11-16 17:45:00', 8, 100, 'NO', NULL, 0, 'NO', 0, NULL, NULL),
(7480, '2015-11-16 18:00:00', 5, 100, 'NO', NULL, 0, 'NO', 0, NULL, NULL),
(7481, '2015-11-16 18:15:00', 4, 100, 'NO', NULL, 0, 'NO', 0, NULL, NULL),
(7482, '2015-11-16 18:30:00', 2, 100, 'NO', NULL, 0, 'NO', 0, NULL, NULL),
(7483, '2015-11-16 18:45:00', 7, 100, 'NO', NULL, 0, 'NO', 0, NULL, NULL),
(7484, '2015-11-16 19:00:00', 5, 100, 'NO', NULL, 0, 'NO', 0, NULL, NULL),
(7485, '2015-11-16 19:15:00', 3, 100, 'NO', NULL, 0, 'NO', 0, NULL, NULL),
(7486, '2015-11-16 19:30:00', 4, 100, 'NO', NULL, 0, 'NO', 0, NULL, NULL),
(7487, '2015-11-16 19:45:00', 7, 100, 'NO', NULL, 0, 'NO', 0, NULL, NULL),
(7488, '2015-11-16 20:00:00', 6, 100, 'NO', NULL, 0, 'NO', 0, NULL, NULL),
(7489, '2015-11-16 20:15:00', 8, 100, 'NO', NULL, 0, 'NO', 0, NULL, NULL),
(7490, '2015-11-16 20:30:00', 2, 100, 'NO', NULL, 0, 'NO', 0, NULL, NULL),
(7491, '2015-11-16 20:45:00', 4, 100, 'NO', NULL, 0, 'NO', 0, NULL, NULL),
(7492, '2015-11-16 21:00:00', 1, 100, 'NO', NULL, 0, 'NO', 0, NULL, NULL),
(7493, '2015-11-16 21:15:00', 9, 100, 'NO', NULL, 0, 'NO', 0, NULL, NULL),
(7494, '2015-11-16 21:30:00', 4, 100, 'NO', NULL, 0, 'NO', 0, NULL, NULL),
(7495, '2015-11-16 21:45:00', 2, 100, 'NO', NULL, 0, 'NO', 0, NULL, NULL),
(7496, '2015-11-16 22:00:00', 1, 100, 'NO', NULL, 0, 'NO', 0, NULL, NULL),
(7497, '2015-11-17 08:30:00', 6, 100, 'NO', NULL, 0, 'NO', 0, NULL, NULL),
(7498, '2015-11-17 08:45:00', 7, 100, 'NO', NULL, 0, 'NO', 0, NULL, NULL),
(7499, '2015-11-17 09:00:00', 4, 100, 'NO', NULL, 0, 'NO', 0, NULL, NULL),
(7500, '2015-11-17 09:15:00', 3, 100, 'NO', NULL, 0, 'NO', 0, NULL, NULL),
(7501, '2015-11-17 09:30:00', 1, 100, 'NO', NULL, 0, 'NO', 0, NULL, NULL),
(7502, '2015-11-17 09:45:00', 1, 100, 'NO', NULL, 0, 'NO', 0, NULL, NULL),
(7503, '2015-11-17 10:00:00', 10, 100, 'NO', NULL, 0, 'NO', 0, NULL, NULL),
(7504, '2015-11-17 10:15:00', 1, 100, 'NO', NULL, 0, 'NO', 0, NULL, NULL),
(7505, '2015-11-17 10:30:00', 2, 100, 'NO', NULL, 0, 'NO', 0, NULL, NULL),
(7506, '2015-11-17 10:45:00', 6, 100, 'NO', NULL, 0, 'NO', 0, NULL, NULL),
(7507, '2015-11-17 11:00:00', 2, 100, 'NO', NULL, 0, 'NO', 0, NULL, NULL),
(7508, '2015-11-17 11:15:00', 9, 100, 'NO', NULL, 0, 'NO', 0, NULL, NULL),
(7509, '2015-11-17 11:30:00', 1, 100, 'NO', NULL, 0, 'NO', 0, NULL, NULL),
(7510, '2015-11-17 11:45:00', 9, 100, 'NO', NULL, 0, 'NO', 0, NULL, NULL),
(7511, '2015-11-17 12:00:00', 7, 100, 'NO', NULL, 0, 'NO', 0, NULL, NULL),
(7512, '2015-11-17 12:15:00', 8, 100, 'NO', NULL, 0, 'NO', 0, NULL, NULL),
(7513, '2015-11-17 12:30:00', 3, 100, 'NO', NULL, 0, 'NO', 0, NULL, NULL),
(7514, '2015-11-17 12:45:00', 6, 100, 'NO', NULL, 0, 'NO', 0, NULL, NULL),
(7515, '2015-11-17 13:00:00', 4, 100, 'NO', NULL, 0, 'NO', 0, NULL, NULL),
(7516, '2015-11-17 13:15:00', 6, 100, 'NO', NULL, 0, 'NO', 0, NULL, NULL),
(7517, '2015-11-17 13:30:00', 10, 100, 'NO', NULL, 0, 'NO', 0, NULL, NULL),
(7518, '2015-11-17 13:45:00', 3, 100, 'NO', NULL, 0, 'NO', 0, NULL, NULL),
(7519, '2015-11-17 14:00:00', 7, 100, 'NO', NULL, 0, 'NO', 0, NULL, NULL),
(7520, '2015-11-17 14:15:00', 9, 100, 'NO', NULL, 0, 'NO', 0, NULL, NULL),
(7521, '2015-11-17 14:30:00', 9, 100, 'NO', NULL, 0, 'NO', 0, NULL, NULL),
(7522, '2015-11-17 14:45:00', 1, 100, 'NO', NULL, 0, 'NO', 0, NULL, NULL),
(7523, '2015-11-17 15:00:00', 5, 100, 'NO', NULL, 0, 'NO', 0, NULL, NULL),
(7524, '2015-11-17 15:15:00', 10, 100, 'NO', NULL, 0, 'NO', 0, NULL, NULL),
(7525, '2015-11-17 15:30:00', 3, 100, 'NO', NULL, 0, 'NO', 0, NULL, NULL),
(7526, '2015-11-17 15:45:00', 9, 100, 'NO', NULL, 0, 'NO', 0, NULL, NULL),
(7527, '2015-11-17 16:00:00', 3, 100, 'NO', NULL, 0, 'NO', 0, NULL, NULL),
(7528, '2015-11-17 16:15:00', 7, 100, 'NO', NULL, 0, 'NO', 0, NULL, NULL),
(7529, '2015-11-17 16:30:00', 8, 100, 'NO', NULL, 0, 'NO', 0, NULL, NULL),
(7530, '2015-11-17 16:45:00', 2, 100, 'NO', NULL, 0, 'NO', 0, NULL, NULL),
(7531, '2015-11-17 17:00:00', 4, 100, 'NO', NULL, 0, 'NO', 0, NULL, NULL),
(7532, '2015-11-17 17:15:00', 9, 100, 'NO', NULL, 0, 'NO', 0, NULL, NULL),
(7533, '2015-11-17 17:30:00', 7, 100, 'NO', NULL, 0, 'NO', 0, NULL, NULL),
(7534, '2015-11-17 17:45:00', 6, 100, 'NO', NULL, 0, 'NO', 0, NULL, NULL),
(7535, '2015-11-17 18:00:00', 1, 100, 'NO', NULL, 0, 'NO', 0, NULL, NULL),
(7536, '2015-11-17 18:15:00', 10, 100, 'NO', NULL, 0, 'NO', 0, NULL, NULL),
(7537, '2015-11-17 18:30:00', 2, 100, 'NO', NULL, 0, 'NO', 0, NULL, NULL),
(7538, '2015-11-17 18:45:00', 4, 100, 'NO', NULL, 0, 'NO', 0, NULL, NULL),
(7539, '2015-11-17 19:00:00', 5, 100, 'NO', NULL, 0, 'NO', 0, NULL, NULL),
(7540, '2015-11-17 19:15:00', 9, 100, 'NO', NULL, 0, 'NO', 0, NULL, NULL),
(7541, '2015-11-17 19:30:00', 1, 100, 'NO', NULL, 0, 'NO', 0, NULL, NULL),
(7542, '2015-11-17 19:45:00', 3, 100, 'NO', NULL, 0, 'NO', 0, NULL, NULL),
(7543, '2015-11-17 20:00:00', 1, 100, 'NO', NULL, 0, 'NO', 0, NULL, NULL),
(7544, '2015-11-17 20:15:00', 4, 100, 'NO', NULL, 0, 'NO', 0, NULL, NULL),
(7545, '2015-11-17 20:30:00', 6, 100, 'NO', NULL, 0, 'NO', 0, NULL, NULL),
(7546, '2015-11-17 20:45:00', 5, 100, 'NO', NULL, 0, 'NO', 0, NULL, NULL),
(7547, '2015-11-17 21:00:00', 1, 100, 'NO', NULL, 0, 'NO', 0, NULL, NULL),
(7548, '2015-11-17 21:15:00', 8, 100, 'NO', NULL, 0, 'NO', 0, NULL, NULL),
(7549, '2015-11-17 21:30:00', 7, 100, 'NO', NULL, 0, 'NO', 0, NULL, NULL),
(7550, '2015-11-17 21:45:00', 1, 100, 'NO', NULL, 0, 'NO', 0, NULL, NULL),
(7551, '2015-11-17 22:00:00', 6, 100, 'NO', NULL, 0, 'NO', 0, NULL, NULL),
(7552, '2015-11-18 08:30:00', 2, 100, 'NO', NULL, 0, 'NO', 0, NULL, NULL),
(7553, '2015-11-18 08:45:00', 1, 100, 'NO', NULL, 0, 'NO', 0, NULL, NULL),
(7554, '2015-11-18 09:00:00', 3, 100, 'NO', NULL, 0, 'NO', 0, NULL, NULL),
(7555, '2015-11-18 09:15:00', 3, 100, 'NO', NULL, 0, 'NO', 0, NULL, NULL),
(7556, '2015-11-18 09:30:00', 4, 100, 'NO', NULL, 0, 'NO', 0, NULL, NULL),
(7557, '2015-11-18 09:45:00', 7, 100, 'NO', NULL, 0, 'NO', 0, NULL, NULL),
(7558, '2015-11-18 10:00:00', 8, 100, 'NO', NULL, 0, 'NO', 0, NULL, NULL),
(7559, '2015-11-18 10:15:00', 8, 100, 'NO', NULL, 0, 'NO', 0, NULL, NULL),
(7560, '2015-11-18 10:30:00', 10, 100, 'NO', NULL, 0, 'NO', 0, NULL, NULL),
(7561, '2015-11-18 10:45:00', 4, 100, 'NO', NULL, 0, 'NO', 0, NULL, NULL),
(7562, '2015-11-18 11:00:00', 3, 100, 'NO', NULL, 0, 'NO', 0, NULL, NULL),
(7563, '2015-11-18 11:15:00', 2, 100, 'NO', NULL, 0, 'NO', 0, NULL, NULL),
(7564, '2015-11-18 11:30:00', 10, 100, 'NO', NULL, 0, 'NO', 0, NULL, NULL),
(7565, '2015-11-18 11:45:00', 1, 100, 'NO', NULL, 0, 'NO', 0, NULL, NULL),
(7566, '2015-11-18 12:00:00', 5, 100, 'NO', NULL, 0, 'NO', 0, NULL, NULL),
(7567, '2015-11-18 12:15:00', 6, 100, 'NO', NULL, 0, 'NO', 0, NULL, NULL),
(7568, '2015-11-18 12:30:00', 8, 100, 'NO', NULL, 0, 'NO', 0, NULL, NULL),
(7569, '2015-11-18 12:45:00', 7, 100, 'NO', NULL, 0, 'NO', 0, NULL, NULL),
(7570, '2015-11-18 13:00:00', 8, 100, 'NO', NULL, 0, 'NO', 0, NULL, NULL),
(7571, '2015-11-18 13:15:00', 6, 100, 'NO', NULL, 0, 'NO', 0, NULL, NULL),
(7572, '2015-11-18 13:30:00', 3, 100, 'NO', NULL, 0, 'NO', 0, NULL, NULL),
(7573, '2015-11-18 13:45:00', 5, 100, 'NO', NULL, 0, 'NO', 0, NULL, NULL),
(7574, '2015-11-18 14:00:00', 6, 100, 'NO', NULL, 0, 'NO', 0, NULL, NULL),
(7575, '2015-11-18 14:15:00', 1, 100, 'NO', NULL, 0, 'NO', 0, NULL, NULL),
(7576, '2015-11-18 14:30:00', 6, 100, 'NO', NULL, 0, 'NO', 0, NULL, NULL),
(7577, '2015-11-18 14:45:00', 6, 100, 'NO', NULL, 0, 'NO', 0, NULL, NULL),
(7578, '2015-11-18 15:00:00', 6, 100, 'NO', NULL, 0, 'NO', 0, NULL, NULL),
(7579, '2015-11-18 15:15:00', 5, 100, 'NO', NULL, 0, 'NO', 0, NULL, NULL),
(7580, '2015-11-18 15:30:00', 5, 100, 'NO', NULL, 0, 'NO', 0, NULL, NULL),
(7581, '2015-11-18 15:45:00', 1, 100, 'NO', NULL, 0, 'NO', 0, NULL, NULL),
(7582, '2015-11-18 16:00:00', 5, 100, 'NO', NULL, 0, 'NO', 0, NULL, NULL),
(7583, '2015-11-18 16:15:00', 5, 100, 'NO', NULL, 0, 'NO', 0, NULL, NULL),
(7584, '2015-11-18 16:30:00', 2, 200, 'YES', NULL, 0, 'NO', 0, '2015-11-18 16:29:44', '103.251.213.78'),
(7585, '2015-11-18 16:45:00', 8, 100, 'NO', NULL, 0, 'NO', 0, NULL, NULL),
(7586, '2015-11-18 17:00:00', 1, 100, 'NO', NULL, 0, 'NO', 0, '2015-11-18 16:58:35', '103.251.213.78'),
(7587, '2015-11-18 17:15:00', 1, 100, 'NO', NULL, 0, 'NO', 0, '2015-11-18 17:01:51', '103.251.213.78'),
(7588, '2015-11-18 17:30:00', 7, 100, 'NO', NULL, 0, 'NO', 0, NULL, NULL),
(7589, '2015-11-18 17:45:00', 8, 100, 'NO', NULL, 0, 'NO', 0, NULL, NULL),
(7590, '2015-11-18 18:00:00', 1, 100, 'NO', NULL, 0, 'NO', 0, NULL, NULL),
(7591, '2015-11-18 18:15:00', 8, 100, 'NO', NULL, 0, 'NO', 0, NULL, NULL),
(7592, '2015-11-18 18:30:00', 1, 100, 'NO', NULL, 0, 'NO', 0, NULL, NULL),
(7593, '2015-11-18 18:45:00', 4, 100, 'NO', NULL, 0, 'NO', 0, NULL, NULL),
(7594, '2015-11-18 19:00:00', 5, 100, 'NO', NULL, 0, 'NO', 0, NULL, NULL),
(7595, '2015-11-18 19:15:00', 9, 100, 'NO', NULL, 0, 'NO', 0, NULL, NULL),
(7596, '2015-11-18 19:30:00', 10, 100, 'NO', NULL, 0, 'NO', 0, NULL, NULL),
(7597, '2015-11-18 19:45:00', 5, 100, 'NO', NULL, 0, 'NO', 0, NULL, NULL),
(7598, '2015-11-18 20:00:00', 4, 100, 'NO', NULL, 0, 'NO', 80, NULL, NULL),
(7599, '2015-11-18 20:15:00', 7, 100, 'NO', NULL, 0, 'NO', 80, '2015-11-18 20:11:57', '103.251.213.78'),
(7600, '2015-11-18 20:30:00', 9, 100, 'NO', NULL, 0, 'NO', 80, NULL, NULL),
(7601, '2015-11-18 20:45:00', 2, 100, 'NO', NULL, 0, 'NO', 80, NULL, NULL),
(7602, '2015-11-18 21:00:00', 1, 100, 'NO', NULL, 0, 'NO', 80, NULL, NULL),
(7603, '2015-11-18 21:15:00', 2, 100, 'NO', NULL, 0, 'NO', 80, NULL, NULL),
(7604, '2015-11-18 21:30:00', 10, 100, 'NO', NULL, 0, 'NO', 80, NULL, NULL),
(7605, '2015-11-18 21:45:00', 9, 100, 'NO', NULL, 0, 'NO', 80, NULL, NULL),
(7606, '2015-11-18 22:00:00', 1, 100, 'NO', NULL, 0, 'NO', 80, NULL, NULL),
(7607, '2015-11-19 08:30:00', 9, 100, 'NO', NULL, 0, 'NO', 0, NULL, NULL);
INSERT INTO `draw` (`draw_id`, `drawdatetime`, `win_product_id`, `win_amount`, `is_jackpot`, `win_product_id2`, `win_amount2`, `is_jackpot2`, `percent`, `last_update_time`, `last_update_ip`) VALUES
(7608, '2015-11-19 08:45:00', 3, 100, 'NO', NULL, 0, 'NO', 0, NULL, NULL),
(7609, '2015-11-19 09:00:00', 4, 100, 'NO', NULL, 0, 'NO', 0, NULL, NULL),
(7610, '2015-11-19 09:15:00', 2, 100, 'NO', NULL, 0, 'NO', 0, NULL, NULL),
(7611, '2015-11-19 09:30:00', 9, 100, 'NO', NULL, 0, 'NO', 0, NULL, NULL),
(7612, '2015-11-19 09:45:00', 5, 100, 'NO', NULL, 0, 'NO', 0, NULL, NULL),
(7613, '2015-11-19 10:00:00', 6, 100, 'NO', NULL, 0, 'NO', 0, NULL, NULL),
(7614, '2015-11-19 10:15:00', 10, 100, 'NO', NULL, 0, 'NO', 0, NULL, NULL),
(7615, '2015-11-19 10:30:00', 7, 100, 'NO', NULL, 0, 'NO', 0, NULL, NULL),
(7616, '2015-11-19 10:45:00', 5, 100, 'NO', NULL, 0, 'NO', 0, NULL, NULL),
(7617, '2015-11-19 11:00:00', 6, 100, 'NO', NULL, 0, 'NO', 0, NULL, NULL),
(7618, '2015-11-19 11:15:00', 2, 100, 'NO', NULL, 0, 'NO', 0, NULL, NULL),
(7619, '2015-11-19 11:30:00', 10, 100, 'NO', NULL, 0, 'NO', 0, NULL, NULL),
(7620, '2015-11-19 11:45:00', 8, 100, 'NO', NULL, 0, 'NO', 0, NULL, NULL),
(7621, '2015-11-19 12:00:00', 1, 100, 'NO', NULL, 0, 'NO', 0, NULL, NULL),
(7622, '2015-11-19 12:15:00', 1, 100, 'NO', NULL, 0, 'NO', 0, NULL, NULL),
(7623, '2015-11-19 12:30:00', 8, 100, 'NO', NULL, 0, 'NO', 0, NULL, NULL),
(7624, '2015-11-19 12:45:00', 7, 100, 'NO', NULL, 0, 'NO', 0, NULL, NULL),
(7625, '2015-11-19 13:00:00', 4, 100, 'NO', NULL, 0, 'NO', 0, NULL, NULL),
(7626, '2015-11-19 13:15:00', 6, 100, 'NO', NULL, 0, 'NO', 0, NULL, NULL),
(7627, '2015-11-19 13:30:00', 7, 100, 'NO', NULL, 0, 'NO', 0, NULL, NULL),
(7628, '2015-11-19 13:45:00', 10, 100, 'NO', NULL, 0, 'NO', 0, NULL, NULL),
(7629, '2015-11-19 14:00:00', 9, 100, 'NO', NULL, 0, 'NO', 0, NULL, NULL),
(7630, '2015-11-19 14:15:00', 6, 100, 'NO', NULL, 0, 'NO', 0, NULL, NULL),
(7631, '2015-11-19 14:30:00', 8, 100, 'NO', NULL, 0, 'NO', 0, NULL, NULL),
(7632, '2015-11-19 14:45:00', 6, 100, 'NO', NULL, 0, 'NO', 0, NULL, NULL),
(7633, '2015-11-19 15:00:00', 1, 100, 'NO', NULL, 0, 'NO', 0, NULL, NULL),
(7634, '2015-11-19 15:15:00', 5, 100, 'NO', NULL, 0, 'NO', 0, NULL, NULL),
(7635, '2015-11-19 15:30:00', 6, 100, 'NO', NULL, 0, 'NO', 0, NULL, NULL),
(7636, '2015-11-19 15:45:00', 6, 100, 'NO', NULL, 0, 'NO', 0, NULL, NULL),
(7637, '2015-11-19 16:00:00', 9, 100, 'NO', NULL, 0, 'NO', 0, NULL, NULL),
(7638, '2015-11-19 16:15:00', 8, 100, 'NO', NULL, 0, 'NO', 0, NULL, NULL),
(7639, '2015-11-19 16:30:00', 10, 100, 'NO', NULL, 0, 'NO', 0, NULL, NULL),
(7640, '2015-11-19 16:45:00', 2, 100, 'NO', NULL, 0, 'NO', 0, NULL, NULL),
(7641, '2015-11-19 17:00:00', 3, 100, 'NO', NULL, 0, 'NO', 0, NULL, NULL),
(7642, '2015-11-19 17:15:00', 1, 100, 'NO', NULL, 0, 'NO', 0, NULL, NULL),
(7643, '2015-11-19 17:30:00', 9, 100, 'NO', NULL, 0, 'NO', 0, NULL, NULL),
(7644, '2015-11-19 17:45:00', 10, 100, 'NO', NULL, 0, 'NO', 0, NULL, NULL),
(7645, '2015-11-19 18:00:00', 2, 100, 'NO', NULL, 0, 'NO', 0, NULL, NULL),
(7646, '2015-11-19 18:15:00', 10, 100, 'NO', NULL, 0, 'NO', 0, NULL, NULL),
(7647, '2015-11-19 18:30:00', 5, 100, 'NO', NULL, 0, 'NO', 0, NULL, NULL),
(7648, '2015-11-19 18:45:00', 3, 100, 'NO', NULL, 0, 'NO', 0, NULL, NULL),
(7649, '2015-11-19 19:00:00', 4, 100, 'NO', NULL, 0, 'NO', 0, NULL, NULL),
(7650, '2015-11-19 19:15:00', 7, 100, 'NO', NULL, 0, 'NO', 0, NULL, NULL),
(7651, '2015-11-19 19:30:00', 1, 100, 'NO', NULL, 0, 'NO', 0, NULL, NULL),
(7652, '2015-11-19 19:45:00', 5, 100, 'NO', NULL, 0, 'NO', 0, NULL, NULL),
(7653, '2015-11-19 20:00:00', 5, 100, 'NO', NULL, 0, 'NO', 0, NULL, NULL),
(7654, '2015-11-19 20:15:00', 2, 100, 'NO', NULL, 0, 'NO', 0, NULL, NULL),
(7655, '2015-11-19 20:30:00', 3, 100, 'NO', NULL, 0, 'NO', 0, NULL, NULL),
(7656, '2015-11-19 20:45:00', 3, 100, 'NO', NULL, 0, 'NO', 0, NULL, NULL),
(7657, '2015-11-19 21:00:00', 9, 100, 'NO', NULL, 0, 'NO', 0, NULL, NULL),
(7658, '2015-11-19 21:15:00', 3, 100, 'NO', NULL, 0, 'NO', 0, NULL, NULL),
(7659, '2015-11-19 21:30:00', 2, 100, 'NO', NULL, 0, 'NO', 0, NULL, NULL),
(7660, '2015-11-19 21:45:00', 7, 100, 'NO', NULL, 0, 'NO', 0, NULL, NULL),
(7661, '2015-11-19 22:00:00', 4, 100, 'NO', NULL, 0, 'NO', 0, NULL, NULL),
(7662, '2015-11-20 08:30:00', 3, 100, 'NO', NULL, 0, 'NO', 0, NULL, NULL),
(7663, '2015-11-20 08:45:00', 10, 100, 'NO', NULL, 0, 'NO', 0, NULL, NULL),
(7664, '2015-11-20 09:00:00', 8, 100, 'NO', NULL, 0, 'NO', 0, NULL, NULL),
(7665, '2015-11-20 09:15:00', 10, 100, 'NO', NULL, 0, 'NO', 0, NULL, NULL),
(7666, '2015-11-20 09:30:00', 10, 100, 'NO', NULL, 0, 'NO', 0, NULL, NULL),
(7667, '2015-11-20 09:45:00', 7, 100, 'NO', NULL, 0, 'NO', 0, NULL, NULL),
(7668, '2015-11-20 10:00:00', 4, 100, 'NO', NULL, 0, 'NO', 0, NULL, NULL),
(7669, '2015-11-20 10:15:00', 2, 100, 'NO', NULL, 0, 'NO', 0, NULL, NULL),
(7670, '2015-11-20 10:30:00', 8, 100, 'NO', NULL, 0, 'NO', 0, NULL, NULL),
(7671, '2015-11-20 10:45:00', 4, 100, 'NO', NULL, 0, 'NO', 0, NULL, NULL),
(7672, '2015-11-20 11:00:00', 7, 100, 'NO', NULL, 0, 'NO', 0, NULL, NULL),
(7673, '2015-11-20 11:15:00', 8, 100, 'NO', NULL, 0, 'NO', 0, NULL, NULL),
(7674, '2015-11-20 11:30:00', 7, 100, 'NO', NULL, 0, 'NO', 0, NULL, NULL),
(7675, '2015-11-20 11:45:00', 4, 100, 'NO', NULL, 0, 'NO', 0, NULL, NULL),
(7676, '2015-11-20 12:00:00', 2, 100, 'NO', NULL, 0, 'NO', 0, NULL, NULL),
(7677, '2015-11-20 12:15:00', 3, 100, 'NO', NULL, 0, 'NO', 0, NULL, NULL),
(7678, '2015-11-20 12:30:00', 5, 100, 'NO', NULL, 0, 'NO', 0, NULL, NULL),
(7679, '2015-11-20 12:45:00', 10, 100, 'NO', NULL, 0, 'NO', 0, NULL, NULL),
(7680, '2015-11-20 13:00:00', 2, 100, 'NO', NULL, 0, 'NO', 0, NULL, NULL),
(7681, '2015-11-20 13:15:00', 7, 100, 'NO', NULL, 0, 'NO', 0, NULL, NULL),
(7682, '2015-11-20 13:30:00', 8, 100, 'NO', NULL, 0, 'NO', 0, NULL, NULL),
(7683, '2015-11-20 13:45:00', 1, 100, 'NO', NULL, 0, 'NO', 0, NULL, NULL),
(7684, '2015-11-20 14:00:00', 10, 100, 'NO', NULL, 0, 'NO', 0, NULL, NULL),
(7685, '2015-11-20 14:15:00', 6, 100, 'NO', NULL, 0, 'NO', 0, NULL, NULL),
(7686, '2015-11-20 14:30:00', 7, 100, 'NO', NULL, 0, 'NO', 0, NULL, NULL),
(7687, '2015-11-20 14:45:00', 5, 100, 'NO', NULL, 0, 'NO', 0, NULL, NULL),
(7688, '2015-11-20 15:00:00', 5, 100, 'NO', NULL, 0, 'NO', 0, NULL, NULL),
(7689, '2015-11-20 15:15:00', 2, 100, 'NO', NULL, 0, 'NO', 0, NULL, NULL),
(7690, '2015-11-20 15:30:00', 7, 100, 'NO', NULL, 0, 'NO', 0, NULL, NULL),
(7691, '2015-11-20 15:45:00', 1, 100, 'NO', NULL, 0, 'NO', 0, NULL, NULL),
(7692, '2015-11-20 16:00:00', 7, 100, 'NO', NULL, 0, 'NO', 0, NULL, NULL),
(7693, '2015-11-20 16:15:00', 4, 100, 'NO', NULL, 0, 'NO', 0, NULL, NULL),
(7694, '2015-11-20 16:30:00', 2, 100, 'NO', NULL, 0, 'NO', 0, NULL, NULL),
(7695, '2015-11-20 16:45:00', 7, 100, 'NO', NULL, 0, 'NO', 0, NULL, NULL),
(7696, '2015-11-20 17:00:00', 10, 100, 'NO', NULL, 0, 'NO', 0, NULL, NULL),
(7697, '2015-11-20 17:15:00', 7, 100, 'NO', NULL, 0, 'NO', 0, NULL, NULL),
(7698, '2015-11-20 17:30:00', 10, 100, 'NO', NULL, 0, 'NO', 0, NULL, NULL),
(7699, '2015-11-20 17:45:00', 10, 100, 'NO', NULL, 0, 'NO', 0, NULL, NULL),
(7700, '2015-11-20 18:00:00', 5, 100, 'NO', NULL, 0, 'NO', 0, NULL, NULL),
(7701, '2015-11-20 18:15:00', 5, 100, 'NO', NULL, 0, 'NO', 0, NULL, NULL),
(7702, '2015-11-20 18:30:00', 8, 100, 'NO', NULL, 0, 'NO', 0, NULL, NULL),
(7703, '2015-11-20 18:45:00', 9, 100, 'NO', NULL, 0, 'NO', 0, NULL, NULL),
(7704, '2015-11-20 19:00:00', 10, 100, 'NO', NULL, 0, 'NO', 0, NULL, NULL),
(7705, '2015-11-20 19:15:00', 3, 100, 'NO', NULL, 0, 'NO', 0, NULL, NULL),
(7706, '2015-11-20 19:30:00', 3, 100, 'NO', NULL, 0, 'NO', 0, NULL, NULL),
(7707, '2015-11-20 19:45:00', 6, 100, 'NO', NULL, 0, 'NO', 0, NULL, NULL),
(7708, '2015-11-20 20:00:00', 3, 100, 'NO', NULL, 0, 'NO', 0, NULL, NULL),
(7709, '2015-11-20 20:15:00', 10, 100, 'NO', NULL, 0, 'NO', 0, NULL, NULL),
(7710, '2015-11-20 20:30:00', 4, 100, 'NO', NULL, 0, 'NO', 0, NULL, NULL),
(7711, '2015-11-20 20:45:00', 9, 100, 'NO', NULL, 0, 'NO', 0, NULL, NULL),
(7712, '2015-11-20 21:00:00', 6, 100, 'NO', NULL, 0, 'NO', 0, NULL, NULL),
(7713, '2015-11-20 21:15:00', 7, 100, 'NO', NULL, 0, 'NO', 0, NULL, NULL),
(7714, '2015-11-20 21:30:00', 8, 100, 'NO', NULL, 0, 'NO', 0, NULL, NULL),
(7715, '2015-11-20 21:45:00', 2, 100, 'NO', NULL, 0, 'NO', 0, NULL, NULL),
(7716, '2015-11-20 22:00:00', 10, 100, 'NO', NULL, 0, 'NO', 0, NULL, NULL),
(7717, '2015-11-21 08:30:00', 6, 100, 'NO', NULL, 0, 'NO', 0, NULL, NULL),
(7718, '2015-11-21 08:45:00', 8, 100, 'NO', NULL, 0, 'NO', 0, NULL, NULL),
(7719, '2015-11-21 09:00:00', 10, 100, 'NO', NULL, 0, 'NO', 0, NULL, NULL),
(7720, '2015-11-21 09:15:00', 5, 100, 'NO', NULL, 0, 'NO', 0, NULL, NULL),
(7721, '2015-11-21 09:30:00', 1, 100, 'NO', NULL, 0, 'NO', 0, NULL, NULL),
(7722, '2015-11-21 09:45:00', 6, 100, 'NO', NULL, 0, 'NO', 0, NULL, NULL),
(7723, '2015-11-21 10:00:00', 1, 100, 'NO', NULL, 0, 'NO', 0, '2015-11-21 09:57:25', '43.250.158.63'),
(7724, '2015-11-21 10:15:00', 3, 100, 'NO', NULL, 0, 'NO', 0, NULL, NULL),
(7725, '2015-11-21 10:30:00', 7, 100, 'NO', NULL, 0, 'NO', 0, NULL, NULL),
(7726, '2015-11-21 10:45:00', 6, 100, 'NO', NULL, 0, 'NO', 0, NULL, NULL),
(7727, '2015-11-21 11:00:00', 9, 100, 'NO', NULL, 0, 'NO', 0, NULL, NULL),
(7728, '2015-11-21 11:15:00', 4, 100, 'NO', NULL, 0, 'NO', 0, NULL, NULL),
(7729, '2015-11-21 11:30:00', 2, 100, 'NO', NULL, 0, 'NO', 0, NULL, NULL),
(7730, '2015-11-21 11:45:00', 4, 100, 'NO', NULL, 0, 'NO', 0, NULL, NULL),
(7731, '2015-11-21 12:00:00', 2, 100, 'NO', NULL, 0, 'NO', 0, NULL, NULL),
(7732, '2015-11-21 12:15:00', 4, 100, 'NO', NULL, 0, 'NO', 0, NULL, NULL),
(7733, '2015-11-21 12:30:00', 6, 200, 'YES', 1, 100, 'YES', 0, '2015-11-21 12:19:46', '43.250.158.63'),
(7734, '2015-11-21 12:45:00', 1, 200, 'YES', NULL, 0, 'NO', 0, '2015-11-21 12:37:20', '43.250.158.63'),
(7735, '2015-11-21 13:00:00', 10, 200, 'YES', NULL, 0, 'NO', 0, '2015-11-21 12:51:02', '43.250.158.63'),
(7736, '2015-11-21 13:15:00', 6, 100, 'NO', NULL, 0, 'NO', 0, NULL, NULL),
(7737, '2015-11-21 13:30:00', 7, 100, 'NO', NULL, 0, 'NO', 0, NULL, NULL),
(7738, '2015-11-21 13:45:00', 1, 100, 'NO', NULL, 0, 'NO', 0, NULL, NULL),
(7739, '2015-11-21 14:00:00', 9, 100, 'NO', NULL, 0, 'NO', 0, NULL, NULL),
(7740, '2015-11-21 14:15:00', 5, 100, 'NO', NULL, 0, 'NO', 0, NULL, NULL),
(7741, '2015-11-21 14:30:00', 4, 100, 'NO', NULL, 0, 'NO', 0, NULL, NULL),
(7742, '2015-11-21 14:45:00', 9, 100, 'NO', NULL, 0, 'NO', 80, NULL, NULL),
(7743, '2015-11-21 15:00:00', 7, 100, 'NO', NULL, 0, 'NO', 80, NULL, NULL),
(7744, '2015-11-21 15:15:00', 7, 100, 'NO', NULL, 0, 'NO', 80, NULL, NULL),
(7745, '2015-11-21 15:30:00', 5, 100, 'NO', NULL, 0, 'NO', 80, NULL, NULL),
(7746, '2015-11-21 15:45:00', 5, 100, 'NO', NULL, 0, 'NO', 80, NULL, NULL),
(7747, '2015-11-21 16:00:00', 2, 100, 'NO', NULL, 0, 'NO', 80, NULL, NULL),
(7748, '2015-11-21 16:15:00', 4, 100, 'NO', NULL, 0, 'NO', 80, NULL, NULL),
(7749, '2015-11-21 16:30:00', 4, 100, 'NO', NULL, 0, 'NO', 80, NULL, NULL),
(7750, '2015-11-21 16:45:00', 10, 100, 'NO', NULL, 0, 'NO', 80, NULL, NULL),
(7751, '2015-11-21 17:00:00', 5, 100, 'NO', NULL, 0, 'NO', 80, NULL, NULL),
(7752, '2015-11-21 17:15:00', 10, 100, 'NO', NULL, 0, 'NO', 80, NULL, NULL),
(7753, '2015-11-21 17:30:00', 9, 100, 'NO', NULL, 0, 'NO', 80, '2015-11-21 17:22:15', '43.250.158.63'),
(7754, '2015-11-21 17:45:00', 2, 100, 'NO', NULL, 0, 'NO', 80, NULL, NULL),
(7755, '2015-11-21 18:00:00', 3, 100, 'NO', NULL, 0, 'NO', 80, NULL, NULL),
(7756, '2015-11-21 18:15:00', 9, 100, 'NO', NULL, 0, 'NO', 80, NULL, NULL),
(7757, '2015-11-21 18:30:00', 8, 100, 'NO', NULL, 0, 'NO', 80, NULL, NULL),
(7758, '2015-11-21 18:45:00', 7, 100, 'NO', NULL, 0, 'NO', 80, NULL, NULL),
(7759, '2015-11-21 19:00:00', 4, 100, 'NO', NULL, 0, 'NO', 80, NULL, NULL),
(7760, '2015-11-21 19:15:00', 5, 100, 'NO', NULL, 0, 'NO', 80, NULL, NULL),
(7761, '2015-11-21 19:30:00', 3, 100, 'NO', NULL, 0, 'NO', 80, NULL, NULL),
(7762, '2015-11-21 19:45:00', 10, 100, 'NO', NULL, 0, 'NO', 80, NULL, NULL),
(7763, '2015-11-21 20:00:00', 4, 100, 'NO', NULL, 0, 'NO', 80, NULL, NULL),
(7764, '2015-11-21 20:15:00', 7, 100, 'NO', NULL, 0, 'NO', 80, NULL, NULL),
(7765, '2015-11-21 20:30:00', 6, 100, 'NO', NULL, 0, 'NO', 80, NULL, NULL),
(7766, '2015-11-21 20:45:00', 7, 100, 'NO', NULL, 0, 'NO', 80, NULL, NULL),
(7767, '2015-11-21 21:00:00', 6, 100, 'NO', NULL, 0, 'NO', 80, NULL, NULL),
(7768, '2015-11-21 21:15:00', 2, 100, 'NO', NULL, 0, 'NO', 80, NULL, NULL),
(7769, '2015-11-21 21:30:00', 10, 100, 'NO', NULL, 0, 'NO', 80, NULL, NULL),
(7770, '2015-11-21 21:45:00', 2, 100, 'NO', NULL, 0, 'NO', 80, NULL, NULL),
(7771, '2015-11-21 22:00:00', 3, 100, 'NO', NULL, 0, 'NO', 80, NULL, NULL),
(7772, '2015-11-22 08:30:00', 10, 100, 'NO', NULL, 0, 'NO', 0, NULL, NULL),
(7773, '2015-11-22 08:45:00', 1, 100, 'NO', NULL, 0, 'NO', 0, NULL, NULL),
(7774, '2015-11-22 09:00:00', 1, 100, 'NO', NULL, 0, 'NO', 0, NULL, NULL),
(7775, '2015-11-22 09:15:00', 10, 100, 'NO', NULL, 0, 'NO', 0, NULL, NULL),
(7776, '2015-11-22 09:30:00', 5, 100, 'NO', NULL, 0, 'NO', 0, NULL, NULL),
(7777, '2015-11-22 09:45:00', 4, 100, 'NO', NULL, 0, 'NO', 0, NULL, NULL),
(7778, '2015-11-22 10:00:00', 5, 100, 'NO', NULL, 0, 'NO', 0, NULL, NULL),
(7779, '2015-11-22 10:15:00', 3, 100, 'NO', NULL, 0, 'NO', 0, NULL, NULL),
(7780, '2015-11-22 10:30:00', 7, 100, 'NO', NULL, 0, 'NO', 0, NULL, NULL),
(7781, '2015-11-22 10:45:00', 10, 100, 'NO', NULL, 0, 'NO', 0, NULL, NULL),
(7782, '2015-11-22 11:00:00', 3, 100, 'NO', NULL, 0, 'NO', 0, NULL, NULL),
(7783, '2015-11-22 11:15:00', 1, 100, 'NO', NULL, 0, 'NO', 0, NULL, NULL),
(7784, '2015-11-22 11:30:00', 5, 100, 'NO', NULL, 0, 'NO', 0, NULL, NULL),
(7785, '2015-11-22 11:45:00', 8, 100, 'NO', NULL, 0, 'NO', 0, NULL, NULL),
(7786, '2015-11-22 12:00:00', 10, 100, 'NO', NULL, 0, 'NO', 0, NULL, NULL),
(7787, '2015-11-22 12:15:00', 7, 100, 'NO', NULL, 0, 'NO', 0, NULL, NULL),
(7788, '2015-11-22 12:30:00', 3, 100, 'NO', NULL, 0, 'NO', 0, NULL, NULL),
(7789, '2015-11-22 12:45:00', 10, 100, 'NO', NULL, 0, 'NO', 0, NULL, NULL),
(7790, '2015-11-22 13:00:00', 3, 100, 'NO', NULL, 0, 'NO', 0, NULL, NULL),
(7791, '2015-11-22 13:15:00', 10, 100, 'NO', NULL, 0, 'NO', 0, NULL, NULL),
(7792, '2015-11-22 13:30:00', 6, 100, 'NO', NULL, 0, 'NO', 0, NULL, NULL),
(7793, '2015-11-22 13:45:00', 5, 100, 'NO', NULL, 0, 'NO', 0, NULL, NULL),
(7794, '2015-11-22 14:00:00', 5, 100, 'NO', NULL, 0, 'NO', 0, NULL, NULL),
(7795, '2015-11-22 14:15:00', 4, 100, 'NO', NULL, 0, 'NO', 0, NULL, NULL),
(7796, '2015-11-22 14:30:00', 6, 100, 'NO', NULL, 0, 'NO', 0, NULL, NULL),
(7797, '2015-11-22 14:45:00', 9, 100, 'NO', NULL, 0, 'NO', 0, NULL, NULL),
(7798, '2015-11-22 15:00:00', 6, 100, 'NO', NULL, 0, 'NO', 0, NULL, NULL),
(7799, '2015-11-22 15:15:00', 5, 100, 'NO', NULL, 0, 'NO', 0, NULL, NULL),
(7800, '2015-11-22 15:30:00', 4, 100, 'NO', NULL, 0, 'NO', 0, NULL, NULL),
(7801, '2015-11-22 15:45:00', 2, 100, 'NO', NULL, 0, 'NO', 0, NULL, NULL),
(7802, '2015-11-22 16:00:00', 2, 100, 'NO', NULL, 0, 'NO', 0, NULL, NULL),
(7803, '2015-11-22 16:15:00', 8, 100, 'NO', NULL, 0, 'NO', 0, NULL, NULL),
(7804, '2015-11-22 16:30:00', 4, 100, 'NO', NULL, 0, 'NO', 0, NULL, NULL),
(7805, '2015-11-22 16:45:00', 1, 100, 'NO', NULL, 0, 'NO', 0, NULL, NULL),
(7806, '2015-11-22 17:00:00', 5, 100, 'NO', NULL, 0, 'NO', 0, NULL, NULL),
(7807, '2015-11-22 17:15:00', 5, 100, 'NO', NULL, 0, 'NO', 0, NULL, NULL),
(7808, '2015-11-22 17:30:00', 7, 100, 'NO', NULL, 0, 'NO', 0, NULL, NULL),
(7809, '2015-11-22 17:45:00', 9, 100, 'NO', NULL, 0, 'NO', 0, NULL, NULL),
(7810, '2015-11-22 18:00:00', 5, 100, 'NO', NULL, 0, 'NO', 0, NULL, NULL),
(7811, '2015-11-22 18:15:00', 4, 100, 'NO', NULL, 0, 'NO', 0, NULL, NULL),
(7812, '2015-11-22 18:30:00', 2, 100, 'NO', NULL, 0, 'NO', 0, NULL, NULL),
(7813, '2015-11-22 18:45:00', 3, 100, 'NO', NULL, 0, 'NO', 0, NULL, NULL),
(7814, '2015-11-22 19:00:00', 7, 100, 'NO', NULL, 0, 'NO', 0, NULL, NULL),
(7815, '2015-11-22 19:15:00', 3, 100, 'NO', NULL, 0, 'NO', 0, NULL, NULL),
(7816, '2015-11-22 19:30:00', 2, 100, 'NO', NULL, 0, 'NO', 0, NULL, NULL),
(7817, '2015-11-22 19:45:00', 2, 100, 'NO', NULL, 0, 'NO', 0, NULL, NULL),
(7818, '2015-11-22 20:00:00', 2, 100, 'NO', NULL, 0, 'NO', 0, NULL, NULL),
(7819, '2015-11-22 20:15:00', 6, 100, 'NO', NULL, 0, 'NO', 0, NULL, NULL),
(7820, '2015-11-22 20:30:00', 5, 100, 'NO', NULL, 0, 'NO', 0, NULL, NULL),
(7821, '2015-11-22 20:45:00', 2, 100, 'NO', NULL, 0, 'NO', 0, NULL, NULL),
(7822, '2015-11-22 21:00:00', 10, 100, 'NO', NULL, 0, 'NO', 0, NULL, NULL),
(7823, '2015-11-22 21:15:00', 2, 100, 'NO', NULL, 0, 'NO', 0, NULL, NULL),
(7824, '2015-11-22 21:30:00', 3, 100, 'NO', NULL, 0, 'NO', 0, NULL, NULL),
(7825, '2015-11-22 21:45:00', 8, 100, 'NO', NULL, 0, 'NO', 0, NULL, NULL),
(7826, '2015-11-22 22:00:00', 5, 100, 'NO', NULL, 0, 'NO', 0, NULL, NULL),
(7827, '2015-11-23 08:30:00', 3, 100, 'NO', NULL, 0, 'NO', 0, NULL, NULL),
(7828, '2015-11-23 08:45:00', 10, 100, 'NO', NULL, 0, 'NO', 0, NULL, NULL),
(7829, '2015-11-23 09:00:00', 7, 100, 'NO', NULL, 0, 'NO', 0, NULL, NULL),
(7830, '2015-11-23 09:15:00', 9, 100, 'NO', NULL, 0, 'NO', 0, NULL, NULL),
(7831, '2015-11-23 09:30:00', 8, 100, 'NO', NULL, 0, 'NO', 0, NULL, NULL),
(7832, '2015-11-23 09:45:00', 8, 100, 'NO', NULL, 0, 'NO', 0, NULL, NULL),
(7833, '2015-11-23 10:00:00', 9, 100, 'NO', NULL, 0, 'NO', 0, NULL, NULL),
(7834, '2015-11-23 10:15:00', 10, 100, 'NO', NULL, 0, 'NO', 0, NULL, NULL),
(7835, '2015-11-23 10:30:00', 4, 100, 'NO', NULL, 0, 'NO', 0, NULL, NULL),
(7836, '2015-11-23 10:45:00', 1, 100, 'NO', NULL, 0, 'NO', 0, NULL, NULL),
(7837, '2015-11-23 11:00:00', 8, 100, 'NO', NULL, 0, 'NO', 0, NULL, NULL),
(7838, '2015-11-23 11:15:00', 5, 100, 'NO', NULL, 0, 'NO', 0, NULL, NULL),
(7839, '2015-11-23 11:30:00', 5, 100, 'NO', NULL, 0, 'NO', 0, NULL, NULL),
(7840, '2015-11-23 11:45:00', 10, 100, 'NO', NULL, 0, 'NO', 0, NULL, NULL),
(7841, '2015-11-23 12:00:00', NULL, 0, 'NO', NULL, 0, 'NO', 0, NULL, NULL),
(7842, '2015-11-23 12:15:00', NULL, 0, 'NO', NULL, 0, 'NO', 0, NULL, NULL),
(7843, '2015-11-23 12:30:00', NULL, 0, 'NO', NULL, 0, 'NO', 0, NULL, NULL),
(7844, '2015-11-23 12:45:00', NULL, 0, 'NO', NULL, 0, 'NO', 0, NULL, NULL),
(7845, '2015-11-23 13:00:00', NULL, 0, 'NO', NULL, 0, 'NO', 0, NULL, NULL),
(7846, '2015-11-23 13:15:00', NULL, 0, 'NO', NULL, 0, 'NO', 0, NULL, NULL),
(7847, '2015-11-23 13:30:00', NULL, 0, 'NO', NULL, 0, 'NO', 0, NULL, NULL),
(7848, '2015-11-23 13:45:00', NULL, 0, 'NO', NULL, 0, 'NO', 0, NULL, NULL),
(7849, '2015-11-23 14:00:00', NULL, 0, 'NO', NULL, 0, 'NO', 0, NULL, NULL),
(7850, '2015-11-23 14:15:00', NULL, 0, 'NO', NULL, 0, 'NO', 0, NULL, NULL),
(7851, '2015-11-23 14:30:00', NULL, 0, 'NO', NULL, 0, 'NO', 0, NULL, NULL),
(7852, '2015-11-23 14:45:00', NULL, 0, 'NO', NULL, 0, 'NO', 0, NULL, NULL),
(7853, '2015-11-23 15:00:00', NULL, 0, 'NO', NULL, 0, 'NO', 0, NULL, NULL),
(7854, '2015-11-23 15:15:00', NULL, 0, 'NO', NULL, 0, 'NO', 0, NULL, NULL),
(7855, '2015-11-23 15:30:00', NULL, 0, 'NO', NULL, 0, 'NO', 0, NULL, NULL),
(7856, '2015-11-23 15:45:00', NULL, 0, 'NO', NULL, 0, 'NO', 0, NULL, NULL),
(7857, '2015-11-23 16:00:00', NULL, 0, 'NO', NULL, 0, 'NO', 0, NULL, NULL),
(7858, '2015-11-23 16:15:00', NULL, 0, 'NO', NULL, 0, 'NO', 0, NULL, NULL),
(7859, '2015-11-23 16:30:00', NULL, 0, 'NO', NULL, 0, 'NO', 0, NULL, NULL),
(7860, '2015-11-23 16:45:00', NULL, 0, 'NO', NULL, 0, 'NO', 0, NULL, NULL),
(7861, '2015-11-23 17:00:00', NULL, 0, 'NO', NULL, 0, 'NO', 0, NULL, NULL),
(7862, '2015-11-23 17:15:00', NULL, 0, 'NO', NULL, 0, 'NO', 0, NULL, NULL),
(7863, '2015-11-23 17:30:00', NULL, 0, 'NO', NULL, 0, 'NO', 0, NULL, NULL),
(7864, '2015-11-23 17:45:00', NULL, 0, 'NO', NULL, 0, 'NO', 0, NULL, NULL),
(7865, '2015-11-23 18:00:00', NULL, 0, 'NO', NULL, 0, 'NO', 0, NULL, NULL),
(7866, '2015-11-23 18:15:00', NULL, 0, 'NO', NULL, 0, 'NO', 0, NULL, NULL),
(7867, '2015-11-23 18:30:00', NULL, 0, 'NO', NULL, 0, 'NO', 0, NULL, NULL),
(7868, '2015-11-23 18:45:00', NULL, 0, 'NO', NULL, 0, 'NO', 0, NULL, NULL),
(7869, '2015-11-23 19:00:00', NULL, 0, 'NO', NULL, 0, 'NO', 0, NULL, NULL),
(7870, '2015-11-23 19:15:00', NULL, 0, 'NO', NULL, 0, 'NO', 0, NULL, NULL),
(7871, '2015-11-23 19:30:00', NULL, 0, 'NO', NULL, 0, 'NO', 0, NULL, NULL),
(7872, '2015-11-23 19:45:00', NULL, 0, 'NO', NULL, 0, 'NO', 0, NULL, NULL),
(7873, '2015-11-23 20:00:00', NULL, 0, 'NO', NULL, 0, 'NO', 0, NULL, NULL),
(7874, '2015-11-23 20:15:00', NULL, 0, 'NO', NULL, 0, 'NO', 0, NULL, NULL),
(7875, '2015-11-23 20:30:00', NULL, 0, 'NO', NULL, 0, 'NO', 0, NULL, NULL),
(7876, '2015-11-23 20:45:00', NULL, 0, 'NO', NULL, 0, 'NO', 0, NULL, NULL),
(7877, '2015-11-23 21:00:00', NULL, 0, 'NO', NULL, 0, 'NO', 0, NULL, NULL),
(7878, '2015-11-23 21:15:00', NULL, 0, 'NO', NULL, 0, 'NO', 0, NULL, NULL),
(7879, '2015-11-23 21:30:00', NULL, 0, 'NO', NULL, 0, 'NO', 0, NULL, NULL),
(7880, '2015-11-23 21:45:00', NULL, 0, 'NO', NULL, 0, 'NO', 0, NULL, NULL),
(7881, '2015-11-23 22:00:00', NULL, 0, 'NO', NULL, 0, 'NO', 0, NULL, NULL);

-- --------------------------------------------------------

--
-- Table structure for table `product`
--

CREATE TABLE IF NOT EXISTS `product` (
  `product_id` int(11) NOT NULL AUTO_INCREMENT,
  `company_id` int(11) NOT NULL,
  `product_name` varchar(255) NOT NULL,
  PRIMARY KEY (`product_id`)
) ENGINE=InnoDB  DEFAULT CHARSET=latin1 AUTO_INCREMENT=11 ;

--
-- Dumping data for table `product`
--

INSERT INTO `product` (`product_id`, `company_id`, `product_name`) VALUES
(1, 2, 'Durga Yantra'),
(2, 2, 'Ganpati Yantra'),
(3, 2, 'Gayatri Yantra'),
(4, 2, 'Hanuman Yantra'),
(5, 2, 'Kalsarp Yantra'),
(6, 2, 'Sunny Yantra'),
(7, 2, 'Shree Yantra'),
(8, 2, 'Surya Yantra'),
(9, 2, 'Vasikaran Yantra'),
(10, 2, 'Vastudosh Yantra');

-- --------------------------------------------------------

--
-- Table structure for table `receipt_details`
--

CREATE TABLE IF NOT EXISTS `receipt_details` (
  `receipt_details_id` int(11) NOT NULL AUTO_INCREMENT,
  `receipt_id` int(11) NOT NULL,
  `product_id` int(11) NOT NULL,
  `quantity` int(11) NOT NULL,
  `product_price` double NOT NULL DEFAULT '0',
  PRIMARY KEY (`receipt_details_id`)
) ENGINE=InnoDB  DEFAULT CHARSET=latin1 AUTO_INCREMENT=1290 ;

--
-- Dumping data for table `receipt_details`
--

INSERT INTO `receipt_details` (`receipt_details_id`, `receipt_id`, `product_id`, `quantity`, `product_price`) VALUES
(1, 1, 1, 10, 11),
(2, 1, 2, 10, 11),
(3, 1, 3, 10, 11),
(4, 1, 4, 10, 11),
(5, 2, 1, 10, 11),
(6, 2, 2, 10, 11),
(7, 3, 1, 1, 11),
(8, 4, 1, 10, 11),
(9, 4, 2, 10, 11),
(10, 4, 3, 10, 11),
(11, 4, 4, 10, 11),
(12, 4, 5, 10, 11),
(13, 4, 6, 10, 11),
(14, 4, 7, 10, 11),
(15, 4, 8, 10, 11),
(16, 4, 9, 10, 11),
(17, 4, 10, 10, 11),
(18, 5, 1, 10, 11),
(19, 5, 2, 10, 11),
(20, 6, 1, 140, 11),
(21, 7, 1, 10, 11),
(22, 8, 1, 10, 11),
(23, 9, 1, 10, 11),
(24, 10, 1, 10, 11),
(25, 11, 1, 10, 11),
(26, 12, 1, 10, 11),
(27, 13, 1, 1, 11),
(28, 14, 1, 1, 11),
(29, 15, 1, 1, 11),
(30, 16, 1, 1, 11),
(31, 17, 1, 1, 11),
(32, 18, 1, 1, 11),
(33, 19, 1, 10, 11),
(34, 20, 1, 10, 11),
(35, 21, 1, 10, 11),
(36, 22, 1, 10, 11),
(37, 23, 1, 10, 11),
(38, 24, 1, 10, 11),
(39, 25, 1, 10, 11),
(40, 26, 1, 10, 11),
(41, 27, 1, 10, 11),
(42, 28, 1, 10, 11),
(43, 29, 1, 10, 11),
(44, 30, 1, 1, 11),
(45, 31, 1, 1, 11),
(46, 32, 1, 1, 11),
(47, 33, 1, 1, 11),
(48, 34, 1, 10, 11),
(49, 35, 1, 10, 11),
(50, 36, 1, 10, 11),
(51, 37, 1, 10, 11),
(52, 38, 1, 10, 11),
(53, 39, 1, 10, 11),
(54, 39, 2, 10, 11),
(55, 39, 3, 10, 11),
(56, 39, 4, 10, 11),
(57, 39, 5, 10, 11),
(58, 40, 1, 10, 11),
(59, 41, 1, 110, 11),
(60, 42, 1, 10, 11),
(61, 43, 1, 10, 11),
(62, 44, 1, 10, 11),
(63, 45, 2, 100, 11),
(64, 46, 1, 20, 11),
(65, 47, 1, 10, 11),
(66, 48, 1, 10, 11),
(67, 49, 1, 505, 11),
(68, 49, 2, 50, 11),
(69, 49, 3, 50, 11),
(70, 49, 4, 50, 11),
(71, 49, 5, 560, 11),
(72, 49, 6, 50, 11),
(73, 49, 7, 50, 11),
(74, 49, 8, 50, 11),
(75, 49, 9, 85, 11),
(76, 49, 10, 50, 11),
(77, 50, 1, 100, 11),
(78, 50, 2, 100, 11),
(79, 50, 3, 100, 11),
(80, 50, 4, 100, 11),
(81, 50, 5, 100, 11),
(82, 50, 6, 100, 11),
(83, 50, 7, 100, 11),
(84, 50, 8, 100, 11),
(85, 50, 9, 100, 11),
(86, 50, 10, 100, 11),
(87, 51, 1, 10, 11),
(88, 52, 1, 1, 11),
(89, 52, 2, 1, 11),
(90, 52, 3, 1, 11),
(91, 52, 4, 1, 11),
(92, 52, 5, 1, 11),
(93, 52, 6, 1, 11),
(94, 52, 7, 1, 11),
(95, 52, 8, 1, 11),
(96, 52, 9, 1, 11),
(97, 52, 10, 1, 11),
(98, 53, 1, 200, 11),
(99, 54, 1, 10, 11),
(100, 54, 2, 10, 11),
(101, 54, 3, 10, 11),
(102, 54, 4, 10, 11),
(103, 54, 5, 10, 11),
(104, 54, 6, 50, 11),
(105, 54, 7, 50, 11),
(106, 54, 8, 50, 11),
(107, 54, 9, 50, 11),
(108, 54, 10, 50, 11),
(109, 55, 1, 1, 11),
(110, 55, 2, 1, 11),
(111, 55, 3, 1, 11),
(112, 55, 4, 1, 11),
(113, 55, 5, 1, 11),
(114, 55, 7, 1, 11),
(115, 55, 8, 1, 11),
(116, 55, 9, 1, 11),
(117, 55, 10, 1, 11),
(118, 56, 1, 10, 11),
(119, 57, 1, 10, 11),
(120, 57, 2, 10, 11),
(121, 57, 3, 10, 11),
(122, 57, 4, 10, 11),
(123, 57, 5, 10, 11),
(124, 57, 6, 10, 11),
(125, 57, 7, 10, 11),
(126, 57, 8, 10, 11),
(127, 57, 10, 10, 11),
(128, 58, 1, 1, 11),
(129, 58, 2, 1, 11),
(130, 58, 3, 1, 11),
(131, 58, 4, 1, 11),
(132, 58, 5, 1, 11),
(133, 58, 6, 1, 11),
(134, 58, 7, 1, 11),
(135, 58, 8, 1, 11),
(136, 58, 10, 1, 11),
(137, 59, 1, 100, 11),
(138, 60, 1, 100, 11),
(139, 61, 1, 1, 11),
(140, 61, 2, 1, 11),
(141, 61, 3, 1, 11),
(142, 61, 4, 1, 11),
(143, 61, 6, 1, 11),
(144, 61, 9, 1, 11),
(145, 62, 1, 1, 11),
(146, 62, 3, 1, 11),
(147, 62, 4, 1, 11),
(148, 62, 6, 1, 11),
(149, 62, 9, 1, 11),
(150, 62, 10, 1, 11),
(151, 63, 3, 1, 11),
(152, 63, 4, 11, 11),
(153, 63, 5, 11, 11),
(154, 63, 6, 1, 11),
(155, 63, 7, 30, 11),
(156, 63, 9, 10, 11),
(157, 64, 2, 1, 11),
(158, 64, 4, 1, 11),
(159, 64, 6, 1, 11),
(160, 64, 9, 1, 11),
(161, 64, 10, 1, 11),
(162, 65, 1, 200, 11),
(163, 65, 2, 200, 11),
(164, 65, 3, 200, 11),
(165, 65, 4, 200, 11),
(166, 65, 5, 100, 11),
(167, 65, 6, 300, 11),
(168, 65, 7, 300, 11),
(169, 65, 8, 400, 11),
(170, 65, 9, 400, 11),
(171, 65, 10, 200, 11),
(172, 66, 3, 50, 11),
(173, 66, 5, 4, 11),
(174, 66, 6, 90, 11),
(175, 66, 9, 60, 11),
(176, 67, 1, 5, 11),
(177, 67, 2, 5, 11),
(178, 67, 3, 5, 11),
(179, 67, 4, 20, 11),
(180, 67, 5, 30, 11),
(181, 67, 6, 850, 11),
(182, 67, 7, 40, 11),
(183, 67, 8, 80, 11),
(184, 67, 9, 50, 11),
(185, 67, 10, 20, 11),
(186, 68, 1, 50, 11),
(187, 68, 2, 500, 11),
(188, 68, 3, 20, 11),
(189, 68, 4, 20, 11),
(190, 68, 5, 20, 11),
(191, 68, 6, 20, 11),
(192, 68, 7, 30, 11),
(193, 68, 8, 40, 11),
(194, 68, 9, 80, 11),
(195, 68, 10, 80, 11),
(196, 69, 1, 2, 11),
(197, 69, 2, 5, 11),
(198, 69, 3, 50, 11),
(199, 69, 4, 5, 11),
(200, 69, 5, 50, 11),
(201, 69, 6, 3, 11),
(202, 69, 7, 5, 11),
(203, 69, 8, 8, 11),
(204, 69, 10, 7, 11),
(205, 70, 1, 2, 11),
(206, 70, 3, 70, 11),
(207, 70, 10, 40, 11),
(208, 71, 1, 5, 11),
(209, 71, 2, 2, 11),
(210, 71, 3, 1, 11),
(211, 71, 4, 2, 11),
(212, 71, 5, 3, 11),
(213, 71, 6, 5, 11),
(214, 71, 7, 7, 11),
(215, 71, 8, 8, 11),
(216, 71, 9, 2, 11),
(217, 71, 10, 80, 11),
(218, 72, 1, 1, 11),
(219, 72, 2, 22, 11),
(220, 72, 4, 2, 11),
(221, 72, 5, 2, 11),
(222, 72, 6, 2, 11),
(223, 72, 7, 2, 11),
(224, 72, 8, 2, 11),
(225, 72, 9, 1, 11),
(226, 72, 10, 22, 11),
(227, 73, 1, 10, 11),
(228, 73, 2, 10, 11),
(229, 73, 3, 10, 11),
(230, 73, 4, 10, 11),
(231, 73, 5, 10, 11),
(232, 74, 3, 10, 11),
(233, 75, 1, 10, 11),
(234, 75, 2, 10, 11),
(235, 75, 3, 10, 11),
(236, 75, 4, 10, 11),
(237, 75, 5, 10, 11),
(238, 76, 6, 10, 11),
(239, 76, 7, 10, 11),
(240, 76, 8, 10, 11),
(241, 76, 9, 10, 11),
(242, 76, 10, 10, 11),
(243, 77, 6, 5, 11),
(244, 77, 7, 5, 11),
(245, 77, 8, 5, 11),
(246, 77, 9, 5, 11),
(247, 77, 10, 5, 11),
(248, 78, 1, 5, 11),
(249, 78, 2, 5, 11),
(250, 78, 3, 5, 11),
(251, 78, 4, 5, 11),
(252, 78, 5, 82, 11),
(253, 78, 6, 20, 11),
(254, 78, 7, 20, 11),
(255, 78, 8, 70, 11),
(256, 78, 9, 78, 11),
(257, 78, 10, 878, 11),
(258, 79, 1, 1, 11),
(259, 79, 2, 20, 11),
(260, 79, 5, 20, 11),
(261, 79, 6, 20, 11),
(262, 79, 8, 20, 11),
(263, 79, 9, 20, 11),
(264, 80, 1, 1, 11),
(265, 80, 7, 100, 11),
(266, 80, 9, 100, 11),
(267, 81, 1, 50, 11),
(268, 81, 4, 50, 11),
(269, 81, 6, 20, 11),
(270, 81, 7, 200, 11),
(271, 81, 8, 2, 11),
(272, 81, 10, 200, 11),
(273, 82, 1, 1, 11),
(274, 82, 2, 40, 11),
(275, 82, 3, 6, 11),
(276, 82, 4, 7, 11),
(277, 82, 6, 20, 11),
(278, 82, 8, 30, 11),
(279, 82, 9, 70, 11),
(280, 82, 10, 32, 11),
(281, 83, 1, 20, 11),
(282, 83, 8, 20, 11),
(283, 83, 10, 20, 11),
(284, 84, 1, 50, 11),
(285, 84, 8, 20, 11),
(286, 84, 10, 50, 11),
(287, 85, 1, 10, 11),
(288, 85, 3, 30, 11),
(289, 85, 6, 40, 11),
(290, 85, 7, 5, 11),
(291, 85, 9, 5, 11),
(292, 85, 10, 5, 11),
(293, 86, 1, 20, 11),
(294, 86, 7, 100, 11),
(295, 86, 8, 10, 11),
(296, 86, 10, 100, 11),
(297, 87, 1, 20, 11),
(298, 87, 6, 5, 11),
(299, 87, 8, 5, 11),
(300, 87, 10, 10, 11),
(301, 88, 1, 5, 11),
(302, 88, 7, 5, 11),
(303, 88, 9, 50, 11),
(304, 89, 2, 10, 11),
(305, 90, 2, 54, 11),
(306, 91, 1, 7, 11),
(307, 91, 3, 5, 11),
(308, 91, 4, 2, 11),
(309, 91, 5, 2, 11),
(310, 92, 1, 1, 11),
(311, 92, 3, 1, 11),
(312, 92, 4, 1, 11),
(313, 92, 5, 8, 11),
(314, 93, 1, 5, 11),
(315, 94, 1, 1000, 11),
(316, 94, 2, 600, 11),
(317, 94, 3, 800, 11),
(318, 94, 4, 900, 11),
(319, 94, 5, 100, 11),
(320, 94, 6, 5000, 11),
(321, 94, 7, 200, 11),
(322, 94, 8, 3000, 11),
(323, 94, 9, 4000, 11),
(324, 94, 10, 6000, 11),
(325, 95, 1, 11, 11),
(326, 96, 1, 1, 11),
(327, 97, 5, 1, 11),
(328, 98, 1, 1, 11),
(329, 99, 1, 1, 11),
(330, 100, 1, 1, 11),
(331, 100, 2, 1, 11),
(332, 101, 1, 10, 11),
(333, 102, 1, 10, 11),
(334, 103, 1, 10, 11),
(335, 104, 1, 10, 11),
(336, 105, 1, 10, 11),
(337, 106, 1, 10, 11),
(338, 107, 1, 1, 11),
(339, 108, 1, 11, 11),
(340, 109, 1, 1, 11),
(341, 110, 1, 10, 11),
(342, 111, 1, 10, 11),
(343, 112, 1, 11, 11),
(344, 113, 1, 10, 11),
(345, 114, 1, 10, 11),
(346, 115, 1, 1, 11),
(347, 116, 1, 1, 11),
(348, 117, 1, 10, 11),
(349, 118, 1, 10, 11),
(350, 119, 1, 11, 11),
(351, 119, 2, 10, 11),
(352, 119, 6, 5, 11),
(353, 119, 8, 6, 11),
(354, 120, 1, 10, 11),
(355, 121, 1, 10, 11),
(356, 122, 1, 10, 11),
(357, 123, 1, 1, 11),
(358, 124, 1, 10, 11),
(359, 125, 1, 10, 11),
(360, 126, 1, 10, 11),
(361, 127, 1, 10, 11),
(362, 127, 2, 10, 11),
(363, 127, 3, 1, 11),
(364, 128, 1, 10, 11),
(365, 129, 1, 10, 11),
(366, 130, 1, 1, 11),
(367, 130, 2, 1, 11),
(368, 130, 3, 1, 11),
(369, 130, 4, 1, 11),
(370, 130, 5, 1, 11),
(371, 130, 6, 1, 11),
(372, 130, 7, 1, 11),
(373, 130, 8, 1, 11),
(374, 130, 9, 1, 11),
(375, 130, 10, 1, 11),
(376, 131, 1, 10, 11),
(377, 132, 4, 10, 11),
(378, 133, 1, 1, 11),
(379, 134, 1, 1, 11),
(380, 135, 1, 20, 11),
(381, 135, 2, 5, 11),
(382, 135, 3, 5, 11),
(383, 135, 6, 5, 11),
(384, 135, 9, 5, 11),
(385, 136, 1, 10, 11),
(386, 136, 2, 10, 11),
(387, 136, 3, 5, 11),
(388, 136, 4, 50, 11),
(389, 136, 5, 1, 11),
(390, 136, 6, 10, 11),
(391, 136, 7, 20, 11),
(392, 136, 8, 30, 11),
(393, 136, 9, 50, 11),
(394, 136, 10, 20, 11),
(395, 137, 2, 10, 11),
(396, 138, 1, 10, 11),
(397, 138, 2, 5, 11),
(398, 138, 3, 4, 11),
(399, 138, 4, 20, 11),
(400, 138, 9, 10, 11),
(401, 139, 1, 500, 11),
(402, 140, 1, 100, 11),
(403, 141, 1, 10, 11),
(404, 142, 1, 10, 11),
(405, 143, 1, 10, 11),
(406, 144, 1, 10, 11),
(407, 145, 1, 10, 11),
(408, 146, 1, 10, 11),
(409, 147, 1, 10, 11),
(410, 148, 1, 10, 11),
(411, 149, 1, 1, 11),
(412, 150, 1, 1, 11),
(413, 151, 1, 10, 11),
(414, 152, 1, 10, 11),
(415, 153, 1, 10, 11),
(416, 154, 1, 10, 11),
(417, 155, 1, 10, 11),
(418, 156, 1, 10, 11),
(419, 157, 1, 10, 11),
(420, 158, 1, 10, 11),
(421, 159, 1, 100, 11),
(422, 160, 1, 100, 11),
(423, 161, 1, 100, 11),
(424, 162, 1, 100, 11),
(425, 163, 1, 100, 11),
(426, 164, 1, 100, 11),
(427, 165, 1, 100, 11),
(428, 166, 1, 10, 11),
(429, 167, 1, 101, 11),
(430, 168, 1, 1, 11),
(431, 169, 1, 10, 11),
(432, 170, 1, 10, 11),
(433, 171, 1, 10, 11),
(434, 172, 1, 10, 11),
(435, 173, 1, 1, 11),
(436, 173, 2, 1, 11),
(437, 173, 3, 1, 11),
(438, 173, 4, 1, 11),
(439, 173, 5, 1, 11),
(440, 173, 6, 1, 11),
(441, 173, 7, 1, 11),
(442, 173, 8, 1, 11),
(443, 173, 9, 1, 11),
(444, 173, 10, 1, 11),
(445, 174, 1, 110, 11),
(446, 174, 5, 200, 11),
(447, 175, 1, 500, 11),
(448, 176, 1, 200, 11),
(449, 177, 1, 50, 11),
(450, 177, 2, 20, 11),
(451, 177, 3, 30, 11),
(452, 177, 4, 740, 11),
(453, 177, 5, 20, 11),
(454, 177, 6, 220, 11),
(455, 177, 7, 500, 11),
(456, 177, 8, 40, 11),
(457, 177, 9, 70, 11),
(458, 177, 10, 10, 11),
(459, 178, 1, 100, 11),
(460, 178, 2, 100, 11),
(461, 178, 3, 20, 11),
(462, 178, 4, 50, 11),
(463, 178, 5, 870, 11),
(464, 178, 6, 90, 11),
(465, 178, 7, 40, 11),
(466, 178, 8, 1, 11),
(467, 178, 9, 2, 11),
(468, 178, 10, 3, 11),
(469, 179, 1, 200, 11),
(470, 179, 2, 50, 11),
(471, 179, 3, 70, 11),
(472, 179, 4, 20, 11),
(473, 179, 5, 50, 11),
(474, 179, 6, 30, 11),
(475, 179, 7, 200, 11),
(476, 179, 8, 500, 11),
(477, 179, 9, 200, 11),
(478, 179, 10, 200, 11),
(479, 180, 1, 20, 11),
(480, 180, 2, 50, 11),
(481, 180, 3, 30, 11),
(482, 180, 4, 210, 11),
(483, 180, 5, 20, 11),
(484, 180, 6, 11, 11),
(485, 180, 7, 20, 11),
(486, 180, 8, 20, 11),
(487, 180, 9, 15, 11),
(488, 180, 10, 5, 11),
(489, 181, 1, 10, 11),
(490, 181, 2, 50, 11),
(491, 181, 3, 20, 11),
(492, 181, 4, 10, 11),
(493, 181, 5, 20, 11),
(494, 181, 6, 10, 11),
(495, 181, 7, 10, 11),
(496, 181, 8, 10, 11),
(497, 181, 9, 20, 11),
(498, 181, 10, 20, 11),
(499, 182, 1, 50, 11),
(500, 182, 2, 40, 11),
(501, 182, 3, 200, 11),
(502, 182, 4, 100, 11),
(503, 182, 5, 10, 11),
(504, 182, 6, 50, 11),
(505, 182, 7, 20, 11),
(506, 182, 8, 30, 11),
(507, 182, 9, 70, 11),
(508, 182, 10, 80, 11),
(509, 183, 1, 200, 11),
(510, 183, 2, 100, 11),
(511, 183, 3, 50, 11),
(512, 183, 4, 60, 11),
(513, 183, 5, 700, 11),
(514, 183, 6, 80, 11),
(515, 183, 7, 10, 11),
(516, 183, 8, 100, 11),
(517, 183, 9, 500, 11),
(518, 183, 10, 60, 11),
(519, 184, 3, 100, 11),
(520, 185, 1, 10, 11),
(521, 186, 2, 20, 11),
(522, 187, 5, 50, 11),
(523, 188, 7, 10, 11),
(524, 188, 8, 10, 11),
(525, 188, 10, 10, 11),
(526, 189, 3, 100, 11),
(527, 190, 1, 2, 11),
(528, 190, 2, 5, 11),
(529, 190, 4, 20, 11),
(530, 190, 5, 10, 11),
(531, 190, 8, 5, 11),
(532, 190, 9, 5, 11),
(533, 190, 10, 1, 11),
(534, 191, 1, 1, 11),
(535, 191, 5, 5, 11),
(536, 191, 7, 5, 11),
(537, 191, 8, 3, 11),
(538, 192, 1, 10, 11),
(539, 192, 2, 10, 11),
(540, 192, 3, 10, 11),
(541, 192, 4, 50, 11),
(542, 192, 5, 30, 11),
(543, 192, 6, 10, 11),
(544, 192, 7, 50, 11),
(545, 192, 8, 20, 11),
(546, 192, 9, 20, 11),
(547, 192, 10, 70, 11),
(548, 193, 1, 10, 11),
(549, 193, 2, 80, 11),
(550, 193, 4, 50, 11),
(551, 193, 6, 10, 11),
(552, 193, 7, 50, 11),
(553, 193, 10, 20, 11),
(554, 194, 1, 50, 11),
(555, 194, 2, 30, 11),
(556, 194, 3, 4, 11),
(557, 194, 4, 80, 11),
(558, 194, 5, 90, 11),
(559, 194, 6, 20, 11),
(560, 194, 7, 5, 11),
(561, 194, 8, 5, 11),
(562, 194, 9, 4, 11),
(563, 194, 10, 70, 11),
(564, 195, 1, 600, 11),
(565, 195, 2, 200, 11),
(566, 195, 3, 50, 11),
(567, 196, 1, 92, 11),
(568, 197, 1, 10, 11),
(569, 197, 2, 10, 11),
(570, 197, 3, 10, 11),
(571, 197, 4, 10, 11),
(572, 197, 7, 20, 11),
(573, 197, 8, 20, 11),
(574, 197, 9, 10, 11),
(575, 197, 10, 20, 11),
(576, 198, 5, 100, 11),
(577, 198, 6, 100, 11),
(578, 199, 1, 5, 11),
(579, 199, 2, 5, 11),
(580, 199, 3, 5, 11),
(581, 199, 4, 5, 11),
(582, 199, 5, 5, 11),
(583, 199, 6, 5, 11),
(584, 199, 7, 5, 11),
(585, 199, 8, 5, 11),
(586, 199, 9, 5, 11),
(587, 199, 10, 5, 11),
(588, 200, 1, 10, 11),
(589, 200, 2, 10, 11),
(590, 200, 3, 10, 11),
(591, 200, 4, 10, 11),
(592, 200, 5, 10, 11),
(593, 201, 1, 10, 11),
(594, 201, 2, 1, 11),
(595, 201, 3, 20, 11),
(596, 201, 4, 30, 11),
(597, 201, 5, 50, 11),
(598, 201, 6, 50, 11),
(599, 201, 7, 50, 11),
(600, 201, 8, 70, 11),
(601, 201, 9, 80, 11),
(602, 201, 10, 10, 11),
(603, 202, 1, 1, 11),
(604, 202, 2, 10, 11),
(605, 202, 3, 10, 11),
(606, 202, 4, 20, 11),
(607, 202, 5, 20, 11),
(608, 202, 6, 20, 11),
(609, 202, 7, 5, 11),
(610, 202, 8, 4, 11),
(611, 202, 9, 80, 11),
(612, 202, 10, 90, 11),
(613, 203, 1, 10, 11),
(614, 203, 2, 5, 11),
(615, 203, 3, 5, 11),
(616, 203, 8, 10, 11),
(617, 203, 10, 50, 11),
(618, 204, 1, 0, 11),
(619, 204, 6, 1, 11),
(620, 205, 1, 10, 11),
(621, 205, 4, 10, 11),
(622, 205, 6, 20, 11),
(623, 205, 7, 50, 11),
(624, 205, 8, 20, 11),
(625, 205, 10, 10, 11),
(626, 206, 6, 10, 11),
(627, 206, 7, 10, 11),
(628, 206, 8, 10, 11),
(629, 206, 9, 10, 11),
(630, 206, 10, 10, 11),
(631, 207, 1, 10, 11),
(632, 207, 2, 20, 11),
(633, 207, 3, 50, 11),
(634, 207, 4, 50, 11),
(635, 207, 5, 80, 11),
(636, 207, 6, 360, 11),
(637, 207, 7, 60, 11),
(638, 207, 8, 54, 11),
(639, 207, 9, 410, 11),
(640, 207, 10, 40, 11),
(641, 208, 1, 100, 11),
(642, 208, 2, 300, 11),
(643, 208, 3, 200, 11),
(644, 208, 4, 20, 11),
(645, 208, 5, 400, 11),
(646, 208, 6, 20, 11),
(647, 208, 7, 30, 11),
(648, 208, 8, 30, 11),
(649, 208, 9, 410, 11),
(650, 208, 10, 300, 11),
(651, 209, 1, 100, 11),
(652, 209, 2, 20, 11),
(653, 209, 6, 100, 11),
(654, 209, 7, 100, 11),
(655, 209, 8, 500, 11),
(656, 209, 9, 100, 11),
(657, 209, 10, 100, 11),
(658, 210, 1, 50, 11),
(659, 210, 2, 20, 11),
(660, 210, 3, 20, 11),
(661, 210, 4, 10, 11),
(662, 211, 1, 10, 11),
(663, 211, 5, 10, 11),
(664, 211, 6, 10, 11),
(665, 211, 8, 10, 11),
(666, 211, 10, 10, 11),
(667, 212, 1, 100, 11),
(668, 212, 2, 10, 11),
(669, 212, 3, 20, 11),
(670, 212, 4, 50, 11),
(671, 212, 6, 2, 11),
(672, 212, 7, 50, 11),
(673, 212, 9, 20, 11),
(674, 213, 1, 10, 11),
(675, 213, 3, 20, 11),
(676, 213, 4, 5, 11),
(677, 213, 7, 20, 11),
(678, 213, 10, 5, 11),
(679, 214, 2, 1, 11),
(680, 214, 3, 10, 11),
(681, 214, 5, 202, 11),
(682, 214, 6, 2, 11),
(683, 214, 8, 20, 11),
(684, 214, 9, 20, 11),
(685, 214, 10, 20, 11),
(686, 215, 1, 10, 11),
(687, 215, 2, 10, 11),
(688, 215, 5, 50, 11),
(689, 215, 7, 10, 11),
(690, 215, 9, 20, 11),
(691, 216, 1, 10, 11),
(692, 216, 3, 10, 11),
(693, 216, 7, 10, 11),
(694, 216, 8, 10, 11),
(695, 216, 10, 10, 11),
(696, 217, 1, 10, 11),
(697, 217, 2, 20, 11),
(698, 218, 1, 10, 11),
(699, 218, 2, 20, 11),
(700, 218, 3, 30, 11),
(701, 218, 4, 40, 11),
(702, 218, 5, 50, 11),
(703, 219, 6, 10, 11),
(704, 219, 7, 30, 11),
(705, 219, 8, 50, 11),
(706, 219, 9, 40, 11),
(707, 219, 10, 20, 11),
(708, 220, 6, 100, 11),
(709, 221, 1, 500, 11),
(710, 221, 6, 500, 11),
(711, 222, 1, 10, 11),
(712, 222, 2, 10, 11),
(713, 222, 3, 10, 11),
(714, 222, 8, 10, 11),
(715, 222, 9, 10, 11),
(716, 223, 1, 10, 11),
(717, 223, 3, 10, 11),
(718, 223, 5, 10, 11),
(719, 223, 7, 10, 11),
(720, 223, 9, 10, 11),
(721, 224, 1, 10, 11),
(722, 224, 2, 20, 11),
(723, 224, 3, 250, 11),
(724, 224, 4, 20, 11),
(725, 224, 5, 20, 11),
(726, 225, 6, 50, 11),
(727, 225, 7, 20, 11),
(728, 225, 8, 30, 11),
(729, 225, 9, 10, 11),
(730, 226, 1, 10, 11),
(731, 226, 2, 10, 11),
(732, 226, 3, 10, 11),
(733, 226, 4, 10, 11),
(734, 226, 5, 10, 11),
(735, 226, 6, 10, 11),
(736, 226, 7, 10, 11),
(737, 226, 8, 10, 11),
(738, 226, 9, 10, 11),
(739, 227, 1, 10, 11),
(740, 227, 2, 10, 11),
(741, 227, 3, 50, 11),
(742, 227, 4, 20, 11),
(743, 227, 5, 20, 11),
(744, 227, 6, 2, 11),
(745, 227, 7, 5, 11),
(746, 227, 8, 60, 11),
(747, 227, 9, 30, 11),
(748, 227, 10, 100, 11),
(749, 228, 10, 1000, 11),
(750, 229, 10, 20, 11),
(751, 230, 1, 10, 11),
(752, 230, 7, 50, 11),
(753, 230, 10, 25, 11),
(754, 231, 7, 10, 11),
(755, 231, 8, 20, 11),
(756, 231, 10, 100, 11),
(757, 232, 1, 10, 11),
(758, 232, 4, 20, 11),
(759, 232, 5, 80, 11),
(760, 232, 7, 1, 11),
(761, 232, 8, 50, 11),
(762, 232, 9, 50, 11),
(763, 233, 1, 10, 11),
(764, 233, 2, 10, 11),
(765, 233, 3, 10, 11),
(766, 233, 4, 1, 11),
(767, 233, 5, 10, 11),
(768, 233, 6, 10, 11),
(769, 233, 7, 10, 11),
(770, 233, 8, 10, 11),
(771, 233, 9, 10, 11),
(772, 234, 2, 50, 11),
(773, 234, 7, 50, 11),
(774, 234, 8, 50, 11),
(775, 234, 10, 50, 11),
(776, 235, 1, 100, 11),
(777, 235, 2, 65, 11),
(778, 235, 3, 30, 11),
(779, 235, 4, 300, 11),
(780, 235, 5, 56, 11),
(781, 235, 6, 50, 11),
(782, 235, 7, 50, 11),
(783, 235, 8, 120, 11),
(784, 235, 9, 101, 11),
(785, 235, 10, 50, 11),
(786, 236, 1, 10, 11),
(787, 236, 2, 10, 11),
(788, 236, 3, 10, 11),
(789, 236, 4, 10, 11),
(790, 236, 5, 102, 11),
(791, 236, 6, 20, 11),
(792, 236, 7, 20, 11),
(793, 236, 8, 20, 11),
(794, 236, 9, 220, 11),
(795, 236, 10, 20, 11),
(796, 237, 1, 50, 11),
(797, 237, 4, 50, 11),
(798, 237, 6, 255, 11),
(799, 237, 8, 100, 11),
(800, 237, 9, 410, 11),
(801, 238, 1, 1, 11),
(802, 238, 2, 2, 11),
(803, 238, 3, 5, 11),
(804, 238, 4, 5, 11),
(805, 238, 5, 3, 11),
(806, 238, 6, 7, 11),
(807, 238, 7, 8, 11),
(808, 238, 8, 9, 11),
(809, 238, 9, 10, 11),
(810, 238, 10, 5, 11),
(811, 239, 1, 1, 11),
(812, 239, 2, 50, 11),
(813, 239, 3, 250, 11),
(814, 239, 4, 50, 11),
(815, 239, 5, 50, 11),
(816, 239, 6, 100, 11),
(817, 239, 7, 20, 11),
(818, 239, 8, 80, 11),
(819, 239, 9, 90, 11),
(820, 239, 10, 100, 11),
(821, 240, 1, 200, 11),
(822, 240, 2, 100, 11),
(823, 240, 3, 10, 11),
(824, 240, 4, 20, 11),
(825, 240, 5, 520, 11),
(826, 240, 6, 30, 11),
(827, 240, 7, 50, 11),
(828, 240, 8, 50, 11),
(829, 240, 9, 80, 11),
(830, 240, 10, 80, 11),
(831, 241, 1, 10, 11),
(832, 241, 2, 10, 11),
(833, 241, 3, 10, 11),
(834, 241, 4, 10, 11),
(835, 241, 5, 10, 11),
(836, 242, 6, 75, 11),
(837, 242, 7, 75, 11),
(838, 242, 8, 75, 11),
(839, 242, 9, 75, 11),
(840, 242, 10, 75, 11),
(841, 243, 1, 20, 11),
(842, 243, 2, 20, 11),
(843, 243, 3, 20, 11),
(844, 243, 4, 20, 11),
(845, 243, 5, 20, 11),
(846, 243, 6, 30, 11),
(847, 243, 7, 30, 11),
(848, 243, 8, 30, 11),
(849, 243, 9, 20, 11),
(850, 243, 10, 30, 11),
(851, 244, 1, 2, 11),
(852, 244, 2, 50, 11),
(853, 244, 3, 50, 11),
(854, 244, 4, 50, 11),
(855, 244, 5, 50, 11),
(856, 244, 6, 7, 11),
(857, 244, 7, 85, 11),
(858, 244, 8, 5, 11),
(859, 244, 9, 71, 11),
(860, 244, 10, 8, 11),
(861, 245, 1, 5, 11),
(862, 245, 3, 50, 11),
(863, 245, 4, 30, 11),
(864, 245, 6, 10, 11),
(865, 245, 10, 60, 11),
(866, 246, 1, 10, 11),
(867, 246, 2, 20, 11),
(868, 246, 3, 30, 11),
(869, 246, 4, 50, 11),
(870, 246, 5, 50, 11),
(871, 246, 6, 50, 11),
(872, 246, 7, 10, 11),
(873, 246, 8, 80, 11),
(874, 246, 9, 10, 11),
(875, 246, 10, 10, 11),
(876, 247, 1, 10, 11),
(877, 247, 2, 10, 11),
(878, 247, 3, 10, 11),
(879, 247, 6, 10, 11),
(880, 247, 7, 10, 11),
(881, 248, 1, 10, 11),
(882, 248, 2, 10, 11),
(883, 248, 3, 10, 11),
(884, 248, 4, 10, 11),
(885, 248, 5, 10, 11),
(886, 249, 6, 20, 11),
(887, 249, 7, 20, 11),
(888, 249, 8, 20, 11),
(889, 249, 9, 20, 11),
(890, 249, 10, 20, 11),
(891, 250, 1, 10, 11),
(892, 250, 3, 20, 11),
(893, 250, 4, 20, 11),
(894, 250, 6, 10, 11),
(895, 250, 7, 10, 11),
(896, 250, 10, 20, 11),
(897, 251, 1, 1, 11),
(898, 251, 2, 5, 11),
(899, 251, 4, 5, 11),
(900, 251, 5, 9, 11),
(901, 251, 6, 2, 11),
(902, 251, 9, 2, 11),
(903, 252, 1, 20, 11),
(904, 252, 2, 20, 11),
(905, 252, 3, 90, 11),
(906, 252, 4, 20, 11),
(907, 252, 6, 40, 11),
(908, 252, 7, 20, 11),
(909, 252, 8, 50, 11),
(910, 252, 10, 200, 11),
(911, 253, 1, 10, 11),
(912, 254, 1, 10, 11),
(913, 254, 2, 10, 11),
(914, 254, 3, 10, 11),
(915, 254, 9, 10, 11),
(916, 254, 10, 10, 11),
(917, 255, 4, 10, 11),
(918, 255, 5, 10, 11),
(919, 255, 6, 10, 11),
(920, 255, 7, 10, 11),
(921, 255, 8, 10, 11),
(922, 256, 1, 10, 11),
(923, 256, 2, 10, 11),
(924, 256, 6, 10, 11),
(925, 256, 7, 10, 11),
(926, 256, 8, 10, 11),
(927, 257, 1, 10, 11),
(928, 257, 2, 10, 11),
(929, 257, 3, 50, 11),
(930, 257, 4, 5, 11),
(931, 257, 5, 40, 11),
(932, 257, 6, 70, 11),
(933, 257, 7, 30, 11),
(934, 257, 8, 50, 11),
(935, 257, 9, 20, 11),
(936, 257, 10, 60, 11),
(937, 258, 1, 40, 11),
(938, 258, 2, 50, 11),
(939, 258, 3, 50, 11),
(940, 258, 4, 60, 11),
(941, 258, 5, 80, 11),
(942, 258, 6, 10, 11),
(943, 258, 7, 20, 11),
(944, 258, 8, 30, 11),
(945, 258, 9, 40, 11),
(946, 258, 10, 5, 11),
(947, 259, 1, 10, 11),
(948, 260, 1, 10, 11),
(949, 260, 2, 10, 11),
(950, 260, 6, 10, 11),
(951, 260, 7, 10, 11),
(952, 260, 8, 10, 11),
(953, 261, 1, 10, 11),
(954, 261, 2, 10, 11),
(955, 261, 3, 10, 11),
(956, 261, 9, 10, 11),
(957, 261, 10, 10, 11),
(958, 262, 2, 10, 11),
(959, 262, 3, 10, 11),
(960, 262, 7, 10, 11),
(961, 262, 8, 10, 11),
(962, 262, 9, 10, 11),
(963, 263, 1, 10, 11),
(964, 264, 1, 10, 11),
(965, 264, 2, 40, 11),
(966, 264, 3, 20, 11),
(967, 264, 4, 30, 11),
(968, 264, 5, 10, 11),
(969, 264, 6, 10, 11),
(970, 264, 7, 10, 11),
(971, 264, 8, 10, 11),
(972, 264, 9, 10, 11),
(973, 264, 10, 10, 11),
(974, 265, 1, 1, 11),
(975, 266, 1, 1, 11),
(976, 267, 1, 10, 11),
(977, 268, 1, 10, 11),
(978, 269, 1, 1, 11),
(979, 270, 1, 10, 11),
(980, 271, 1, 10, 11),
(981, 272, 1, 1, 11),
(982, 273, 1, 10, 11),
(983, 274, 1, 11, 11),
(984, 275, 1, 10, 11),
(985, 276, 1, 10, 11),
(986, 277, 1, 10, 11),
(987, 277, 2, 10, 11),
(988, 277, 3, 10, 11),
(989, 277, 4, 10, 11),
(990, 277, 8, 10, 11),
(991, 278, 1, 10, 11),
(992, 279, 1, 10, 11),
(993, 280, 1, 1, 11),
(994, 280, 2, 1, 11),
(995, 280, 3, 1, 11),
(996, 280, 4, 1, 11),
(997, 280, 5, 11, 11),
(998, 280, 6, 1, 11),
(999, 280, 7, 1, 11),
(1000, 280, 8, 1, 11),
(1001, 280, 9, 1, 11),
(1002, 280, 10, 1, 11),
(1003, 281, 1, 10, 11),
(1004, 281, 2, 10, 11),
(1005, 281, 3, 10, 11),
(1006, 281, 4, 10, 11),
(1007, 281, 5, 10, 11),
(1008, 282, 6, 20, 11),
(1009, 282, 7, 20, 11),
(1010, 282, 8, 20, 11),
(1011, 282, 9, 20, 11),
(1012, 282, 10, 20, 11),
(1013, 283, 1, 1, 11),
(1014, 283, 2, 1, 11),
(1015, 283, 3, 1, 11),
(1016, 283, 4, 1, 11),
(1017, 283, 5, 1, 11),
(1018, 283, 6, 1, 11),
(1019, 283, 7, 1, 11),
(1020, 283, 8, 1, 11),
(1021, 283, 9, 1, 11),
(1022, 283, 10, 1, 11),
(1023, 284, 1, 3, 11),
(1024, 285, 1, 1, 11),
(1025, 286, 1, 10, 11),
(1026, 287, 1, 10, 11),
(1027, 288, 1, 1, 11),
(1028, 289, 1, 10, 11),
(1029, 290, 1, 10, 11),
(1030, 291, 1, 1, 11),
(1031, 292, 1, 10, 11),
(1032, 293, 1, 10, 11),
(1033, 293, 2, 10, 11),
(1034, 293, 3, 10, 11),
(1035, 293, 4, 10, 11),
(1036, 293, 5, 10, 11),
(1037, 293, 6, 10, 11),
(1038, 293, 7, 10, 11),
(1039, 293, 8, 10, 11),
(1040, 293, 9, 10, 11),
(1041, 293, 10, 10, 11),
(1042, 294, 1, 10, 11),
(1043, 294, 2, 10, 11),
(1044, 294, 3, 10, 11),
(1045, 294, 4, 10, 11),
(1046, 294, 5, 10, 11),
(1047, 294, 6, 10, 11),
(1048, 294, 7, 10, 11),
(1049, 294, 8, 10, 11),
(1050, 294, 9, 10, 11),
(1051, 294, 10, 10, 11),
(1052, 295, 1, 10, 11),
(1053, 295, 2, 10, 11),
(1054, 295, 3, 10, 11),
(1055, 295, 4, 10, 11),
(1056, 295, 5, 10, 11),
(1057, 295, 6, 10, 11),
(1058, 295, 7, 10, 11),
(1059, 295, 8, 10, 11),
(1060, 295, 9, 10, 11),
(1061, 295, 10, 10, 11),
(1062, 296, 4, 101, 11),
(1063, 296, 5, 1, 11),
(1064, 297, 1, 1, 11),
(1065, 297, 2, 1, 11),
(1066, 297, 3, 1, 11),
(1067, 297, 4, 1, 11),
(1068, 297, 5, 1, 11),
(1069, 297, 8, 10, 11),
(1070, 297, 9, 10, 11),
(1071, 297, 10, 10, 11),
(1072, 298, 1, 20, 11),
(1073, 298, 2, 50, 11),
(1074, 298, 3, 30, 11),
(1075, 298, 4, 50, 11),
(1076, 298, 5, 80, 11),
(1077, 298, 6, 20, 11),
(1078, 298, 7, 20, 11),
(1079, 298, 8, 20, 11),
(1080, 298, 9, 20, 11),
(1081, 298, 10, 20, 11),
(1082, 299, 1, 11, 11),
(1083, 299, 2, 1, 11),
(1084, 299, 3, 1, 11),
(1085, 299, 5, 1, 11),
(1086, 299, 6, 12, 11),
(1087, 299, 7, 2, 11),
(1088, 299, 8, 2, 11),
(1089, 299, 9, 22, 11),
(1090, 300, 1, 5, 11),
(1091, 300, 2, 5, 11),
(1092, 300, 3, 3, 11),
(1093, 300, 4, 5, 11),
(1094, 300, 5, 7, 11),
(1095, 300, 6, 8, 11),
(1096, 300, 7, 9, 11),
(1097, 300, 8, 6, 11),
(1098, 300, 9, 6, 11),
(1099, 300, 10, 10, 11),
(1100, 301, 1, 1, 11),
(1101, 301, 2, 10, 11),
(1102, 301, 3, 1, 11),
(1103, 301, 4, 1, 11),
(1104, 301, 8, 10, 11),
(1105, 302, 5, 2, 11),
(1106, 302, 6, 2, 11),
(1107, 303, 1, 2, 11),
(1108, 303, 3, 2, 11),
(1109, 303, 6, 5, 11),
(1110, 303, 10, 5, 11),
(1111, 304, 1, 1, 11),
(1112, 304, 2, 20, 11),
(1113, 304, 6, 80, 11),
(1114, 304, 7, 50, 11),
(1115, 304, 9, 30, 11),
(1116, 304, 10, 20, 11),
(1117, 305, 1, 10, 11),
(1118, 305, 2, 50, 11),
(1119, 305, 3, 60, 11),
(1120, 305, 4, 50, 11),
(1121, 305, 5, 20, 11),
(1122, 305, 6, 10, 11),
(1123, 305, 7, 20, 11),
(1124, 305, 8, 30, 11),
(1125, 305, 9, 8, 11),
(1126, 305, 10, 5, 11),
(1127, 306, 1, 10, 11),
(1128, 306, 4, 50, 11),
(1129, 306, 7, 20, 11),
(1130, 306, 9, 10, 11),
(1131, 307, 1, 10, 11),
(1132, 307, 2, 10, 11),
(1133, 307, 3, 1, 11),
(1134, 307, 9, 1, 11),
(1135, 307, 10, 1, 11),
(1136, 308, 1, 10, 11),
(1137, 308, 2, 20, 11),
(1138, 308, 3, 20, 11),
(1139, 308, 4, 20, 11),
(1140, 308, 5, 3, 11),
(1141, 308, 7, 50, 11),
(1142, 308, 8, 60, 11),
(1143, 308, 9, 70, 11),
(1144, 309, 1, 10, 11),
(1145, 309, 3, 50, 11),
(1146, 309, 4, 70, 11),
(1147, 309, 5, 60, 11),
(1148, 309, 6, 20, 11),
(1149, 309, 7, 30, 11),
(1150, 309, 8, 60, 11),
(1151, 310, 1, 10, 11),
(1152, 310, 2, 10, 11),
(1153, 310, 3, 10, 11),
(1154, 310, 4, 10, 11),
(1155, 310, 5, 10, 11),
(1156, 310, 6, 10, 11),
(1157, 310, 7, 10, 11),
(1158, 310, 8, 10, 11),
(1159, 311, 1, 10, 11),
(1160, 311, 2, 1, 11),
(1161, 311, 3, 1, 11),
(1162, 311, 4, 1, 11),
(1163, 311, 9, 10, 11),
(1164, 312, 1, 10, 11),
(1165, 312, 2, 10, 11),
(1166, 312, 3, 1, 11),
(1167, 312, 9, 1, 11),
(1168, 312, 10, 1, 11),
(1169, 313, 1, 10, 11),
(1170, 314, 1, 10, 11),
(1171, 314, 3, 5, 11),
(1172, 314, 5, 10, 11),
(1173, 314, 7, 10, 11),
(1174, 314, 9, 10, 11),
(1175, 315, 1, 2, 11),
(1176, 315, 2, 1, 11),
(1177, 316, 1, 10, 11),
(1178, 316, 2, 20, 11),
(1179, 316, 3, 20, 11),
(1180, 316, 4, 30, 11),
(1181, 316, 5, 20, 11),
(1182, 316, 6, 30, 11),
(1183, 316, 7, 10, 11),
(1184, 316, 8, 10, 11),
(1185, 316, 9, 10, 11),
(1186, 316, 10, 10, 11),
(1187, 317, 1, 10, 11),
(1188, 317, 2, 10, 11),
(1189, 317, 3, 10, 11),
(1190, 317, 4, 10, 11),
(1191, 317, 5, 10, 11),
(1192, 317, 6, 10, 11),
(1193, 317, 7, 10, 11),
(1194, 317, 8, 10, 11),
(1195, 317, 9, 10, 11),
(1196, 317, 10, 10, 11),
(1197, 318, 1, 10, 11),
(1198, 318, 2, 10, 11),
(1199, 318, 3, 10, 11),
(1200, 318, 4, 10, 11),
(1201, 318, 5, 10, 11),
(1202, 318, 6, 10, 11),
(1203, 318, 7, 10, 11),
(1204, 318, 8, 10, 11),
(1205, 318, 9, 10, 11),
(1206, 318, 10, 10, 11),
(1207, 319, 1, 10, 11),
(1208, 319, 2, 10, 11),
(1209, 319, 3, 10, 11),
(1210, 319, 4, 10, 11),
(1211, 319, 5, 10, 11),
(1212, 319, 6, 10, 11),
(1213, 319, 7, 10, 11),
(1214, 319, 8, 10, 11),
(1215, 319, 9, 10, 11),
(1216, 319, 10, 10, 11),
(1217, 320, 1, 10, 11),
(1218, 320, 2, 10, 11),
(1219, 320, 3, 10, 11),
(1220, 320, 4, 10, 11),
(1221, 320, 5, 10, 11),
(1222, 320, 6, 10, 11),
(1223, 320, 7, 10, 11),
(1224, 320, 8, 10, 11),
(1225, 320, 9, 10, 11),
(1226, 320, 10, 10, 11),
(1227, 321, 1, 10, 11),
(1228, 321, 2, 10, 11),
(1229, 321, 3, 10, 11),
(1230, 321, 4, 10, 11),
(1231, 321, 5, 10, 11),
(1232, 321, 6, 10, 11),
(1233, 321, 7, 10, 11),
(1234, 321, 8, 10, 11),
(1235, 321, 9, 10, 11),
(1236, 321, 10, 10, 11),
(1237, 322, 1, 10, 11),
(1238, 322, 2, 10, 11),
(1239, 322, 3, 10, 11),
(1240, 322, 4, 10, 11),
(1241, 322, 5, 10, 11),
(1242, 322, 6, 10, 11),
(1243, 322, 7, 10, 11),
(1244, 322, 8, 10, 11),
(1245, 322, 9, 10, 11),
(1246, 322, 10, 10, 11),
(1247, 323, 1, 10, 11),
(1248, 324, 1, 10, 11),
(1249, 325, 1, 10, 11),
(1250, 326, 1, 10, 11),
(1251, 327, 1, 10, 11),
(1252, 328, 1, 1, 11),
(1253, 329, 1, 10, 11),
(1254, 330, 1, 10, 11),
(1255, 331, 1, 10, 11),
(1256, 332, 1, 10, 11),
(1257, 333, 1, 10, 11),
(1258, 334, 1, 10, 11),
(1259, 335, 1, 10, 11),
(1260, 336, 1, 10, 11),
(1261, 337, 1, 10, 11),
(1262, 338, 1, 10, 11),
(1263, 339, 1, 10, 11),
(1264, 340, 1, 10, 11),
(1265, 341, 1, 10, 11),
(1266, 342, 1, 10, 11),
(1267, 343, 1, 10, 11),
(1268, 343, 2, 10, 11),
(1269, 343, 3, 10, 11),
(1270, 343, 4, 10, 11),
(1271, 343, 5, 10, 11),
(1272, 343, 6, 10, 11),
(1273, 343, 7, 10, 11),
(1274, 343, 8, 10, 11),
(1275, 343, 9, 10, 11),
(1276, 343, 10, 10, 11),
(1277, 344, 1, 10, 11),
(1278, 345, 1, 10, 11),
(1279, 346, 1, 10, 11),
(1280, 347, 1, 1, 11),
(1281, 347, 2, 1, 11),
(1282, 347, 3, 1, 11),
(1283, 347, 4, 1, 11),
(1284, 347, 5, 1, 11),
(1285, 347, 6, 1, 11),
(1286, 347, 7, 1, 11),
(1287, 347, 8, 1, 11),
(1288, 347, 9, 1, 11),
(1289, 347, 10, 1, 11);

-- --------------------------------------------------------

--
-- Table structure for table `receipt_master`
--

CREATE TABLE IF NOT EXISTS `receipt_master` (
  `receipt_id` int(11) NOT NULL AUTO_INCREMENT,
  `receipt_time` datetime NOT NULL,
  `receipt_ip` varchar(15) DEFAULT NULL,
  `retailer_id` int(11) NOT NULL,
  `company_id` int(11) NOT NULL,
  `draw_id` int(11) NOT NULL,
  `hash_key` varchar(13) DEFAULT NULL,
  `receipt_cancel` tinyint(4) NOT NULL DEFAULT '0',
  `cancel_time` datetime DEFAULT NULL,
  `cancel_ip` varchar(15) DEFAULT NULL,
  `receipt_scan` tinyint(4) NOT NULL DEFAULT '0',
  `user_commission` double NOT NULL DEFAULT '0',
  `win_time` datetime DEFAULT NULL,
  `win_ip` varchar(15) DEFAULT NULL,
  `scan_time` datetime DEFAULT NULL,
  PRIMARY KEY (`receipt_id`)
) ENGINE=InnoDB  DEFAULT CHARSET=latin1 AUTO_INCREMENT=348 ;

--
-- Dumping data for table `receipt_master`
--

INSERT INTO `receipt_master` (`receipt_id`, `receipt_time`, `receipt_ip`, `retailer_id`, `company_id`, `draw_id`, `hash_key`, `receipt_cancel`, `cancel_time`, `cancel_ip`, `receipt_scan`, `user_commission`, `win_time`, `win_ip`, `scan_time`) VALUES
(1, '2015-11-07 17:49:42', '180.215.20.44', 10023, 3, 6973, '655P2279G3307', 0, NULL, NULL, 0, 3, NULL, NULL, NULL),
(2, '2015-11-07 17:50:25', '180.215.20.44', 10023, 3, 6973, '3G5626213784D', 0, NULL, NULL, 0, 3, NULL, NULL, NULL),
(3, '2015-11-07 17:57:40', '180.215.20.44', 10023, 3, 6973, '0137149C2682L', 0, NULL, NULL, 0, 3, NULL, NULL, NULL),
(4, '2015-11-07 18:09:36', '103.238.105.148', 1, 3, 6974, '9X6221Y310467', 0, NULL, NULL, 0, 0, NULL, NULL, NULL),
(5, '2015-11-07 18:11:24', '103.238.105.148', 10023, 3, 6974, '549248513P279', 0, NULL, NULL, 0, 3, NULL, NULL, NULL),
(6, '2015-11-07 18:12:04', '103.238.105.148', 10023, 3, 6974, '12N59656383H8', 0, NULL, NULL, 0, 3, NULL, NULL, NULL),
(7, '2015-11-07 18:13:30', '103.238.105.148', 10023, 3, 6974, '99648H1X05727', 0, NULL, NULL, 0, 3, NULL, NULL, NULL),
(8, '2015-11-07 18:14:24', '103.238.105.148', 10023, 3, 6974, '611G2R3054598', 0, NULL, NULL, 0, 3, NULL, NULL, NULL),
(9, '2015-11-07 18:21:19', '116.203.100.26', 10023, 3, 6975, '23097T4856117', 0, NULL, NULL, 0, 3, NULL, NULL, NULL),
(10, '2015-11-07 18:24:24', '116.203.100.26', 10023, 3, 6975, '33985627N5M28', 0, NULL, NULL, 0, 3, NULL, NULL, NULL),
(11, '2015-11-07 18:32:02', '116.203.100.26', 10023, 3, 6976, '983D02747P158', 0, NULL, NULL, 0, 3, NULL, NULL, NULL),
(12, '2015-11-07 18:34:22', '116.203.100.26', 10023, 3, 6976, '46179SI456329', 0, NULL, NULL, 0, 3, NULL, NULL, NULL),
(13, '2015-11-07 18:35:45', '116.203.100.26', 10023, 3, 6976, '78801VY927394', 0, NULL, NULL, 0, 3, NULL, NULL, NULL),
(14, '2015-11-07 18:36:37', '116.203.100.26', 10023, 3, 6976, '04Q28257314I5', 0, NULL, NULL, 0, 3, NULL, NULL, NULL),
(15, '2015-11-07 18:40:17', '116.203.100.26', 10023, 3, 6976, '464218C560W95', 0, NULL, NULL, 0, 3, NULL, NULL, NULL),
(16, '2015-11-07 18:47:53', '116.203.100.26', 10023, 3, 6977, '19C707262K653', 0, NULL, NULL, 0, 3, NULL, NULL, NULL),
(17, '2015-11-07 18:51:04', '116.203.100.26', 10023, 3, 6977, '473L91578P266', 0, NULL, NULL, 0, 3, NULL, NULL, NULL),
(18, '2015-11-07 19:01:17', '116.203.100.26', 10023, 3, 6978, '4Z29136467139', 0, NULL, NULL, 0, 3, NULL, NULL, NULL),
(19, '2015-11-07 19:31:49', '103.238.105.148', 10023, 3, 6980, '778134R23N166', 0, NULL, NULL, 0, 3, NULL, NULL, NULL),
(20, '2015-11-07 19:32:23', '103.238.105.148', 10023, 3, 6980, '133R85B627597', 0, NULL, NULL, 0, 3, NULL, NULL, NULL),
(21, '2015-11-07 19:32:58', '103.238.105.148', 10023, 3, 6980, '03E8369241749', 0, NULL, NULL, 0, 3, NULL, NULL, NULL),
(22, '2015-11-07 19:34:35', '103.238.105.148', 10023, 3, 6980, '3U19A46072895', 0, NULL, NULL, 0, 3, NULL, NULL, NULL),
(23, '2015-11-07 19:38:04', '103.238.105.148', 10023, 3, 6980, '379278196KG86', 0, NULL, NULL, 0, 3, NULL, NULL, NULL),
(24, '2015-11-07 19:38:24', '103.238.105.148', 10023, 3, 6980, 'H6277195840R1', 0, NULL, NULL, 0, 3, NULL, NULL, NULL),
(25, '2015-11-07 19:39:07', '103.238.105.148', 10023, 3, 6980, '9V8069Z347612', 0, NULL, NULL, 0, 3, NULL, NULL, NULL),
(26, '2015-11-07 19:40:09', '103.238.105.148', 10023, 3, 6980, '8306621U59M24', 0, NULL, NULL, 0, 3, NULL, NULL, NULL),
(27, '2015-11-07 19:40:32', '103.238.105.148', 10023, 3, 6980, '0447U133Z8668', 0, NULL, NULL, 0, 3, NULL, NULL, NULL),
(28, '2015-11-07 19:41:16', '103.238.105.148', 10023, 3, 6980, '07F3554214697', 0, NULL, NULL, 0, 3, NULL, NULL, NULL),
(29, '2015-11-07 19:41:28', '103.238.105.148', 10023, 3, 6980, '3N6485593047R', 0, NULL, NULL, 0, 3, NULL, NULL, NULL),
(30, '2015-11-08 11:17:38', '180.215.221.28', 10023, 3, 7002, '533R620987A16', 0, NULL, NULL, 0, 3, NULL, NULL, NULL),
(31, '2015-11-08 14:45:47', '180.215.1.50', 10023, 3, 7016, 'T32543X769945', 0, NULL, NULL, 0, 3, NULL, NULL, NULL),
(32, '2015-11-08 14:46:18', '180.215.1.50', 10023, 3, 7016, '2508437Q3I616', 0, NULL, NULL, 0, 3, NULL, NULL, NULL),
(33, '2015-11-08 15:02:58', '180.215.1.50', 10023, 3, 7017, 'W314825054G78', 0, NULL, NULL, 0, 3, NULL, NULL, NULL),
(34, '2015-11-08 18:03:16', '180.215.218.214', 10023, 3, 7029, '8KX8931371942', 0, NULL, NULL, 0, 3, NULL, NULL, NULL),
(35, '2015-11-08 18:03:39', '180.215.218.214', 10023, 3, 7029, '64G8899721263', 0, NULL, NULL, 0, 3, NULL, NULL, NULL),
(36, '2015-11-08 18:05:54', '180.215.218.214', 10023, 3, 7029, '293HD54078685', 0, NULL, NULL, 0, 3, NULL, NULL, NULL),
(37, '2015-11-08 18:17:11', '180.215.218.214', 10023, 3, 7030, 'G6395871684F9', 0, NULL, NULL, 0, 3, NULL, NULL, NULL),
(38, '2015-11-08 18:20:27', '180.215.218.214', 10023, 3, 7030, '1659A4I149238', 0, NULL, NULL, 0, 3, NULL, NULL, NULL),
(39, '2015-11-08 18:59:34', '116.203.108.49', 10023, 3, 7032, '7KG3289171042', 0, NULL, NULL, 0, 3, NULL, NULL, NULL),
(40, '2015-11-08 19:00:24', '116.203.108.49', 10023, 3, 7033, 'R413208786372', 0, NULL, NULL, 0, 3, NULL, NULL, NULL),
(41, '2015-11-08 19:01:13', '116.203.108.49', 10023, 3, 7033, 'CR39482084375', 0, NULL, NULL, 0, 3, NULL, NULL, NULL),
(42, '2015-11-08 19:02:17', '116.203.108.49', 10023, 3, 7033, '45196K26H2814', 0, NULL, NULL, 0, 3, NULL, NULL, NULL),
(43, '2015-11-08 19:18:17', '103.250.146.28', 1, 3, 7034, 'RY32740351859', 0, NULL, NULL, 0, 0, NULL, NULL, NULL),
(44, '2015-11-08 19:18:33', '103.250.146.28', 1, 3, 7034, '0F434W7632658', 0, NULL, NULL, 0, 0, NULL, NULL, NULL),
(45, '2015-11-08 19:21:50', '103.250.146.28', 1, 3, 7034, '84753R116262C', 0, NULL, NULL, 0, 0, NULL, NULL, NULL),
(46, '2015-11-08 19:22:18', '103.250.146.28', 1, 3, 7034, '895M676I04137', 0, NULL, NULL, 0, 0, NULL, NULL, NULL),
(47, '2015-11-08 19:24:03', '116.203.108.49', 1, 3, 7034, 'Y7249171320N3', 0, NULL, NULL, 0, 0, NULL, NULL, NULL),
(48, '2015-11-08 19:24:44', '116.203.108.49', 1, 3, 7034, '2N1841538457U', 0, NULL, NULL, 0, 0, NULL, NULL, NULL),
(49, '2015-11-08 19:33:45', '103.250.146.28', 1, 3, 7035, '488Z193L92253', 1, '2015-11-08 19:36:14', '103.250.146.28', 0, 0, NULL, NULL, NULL),
(50, '2015-11-08 19:38:46', '103.250.146.28', 1, 3, 7035, '6547A1738P385', 0, NULL, NULL, 0, 0, NULL, NULL, NULL),
(51, '2015-11-08 19:40:37', '103.250.146.28', 1, 3, 7035, '15856E1M72782', 0, NULL, NULL, 0, 0, NULL, NULL, NULL),
(52, '2015-11-08 19:48:07', '103.250.146.28', 10023, 3, 7036, '2B9742N930855', 0, NULL, NULL, 1, 3, '2015-11-08 20:01:36', '103.250.146.28', '2015-11-08 20:01:36'),
(53, '2015-11-08 19:53:21', '103.250.146.28', 10023, 3, 7036, 'J7405T9891273', 0, NULL, NULL, 1, 3, '2015-11-08 20:03:11', '103.250.146.28', '2015-11-08 20:03:11'),
(54, '2015-11-08 20:04:28', '103.250.146.28', 10023, 3, 7037, '2548Z717H3916', 0, NULL, NULL, 0, 3, NULL, NULL, NULL),
(55, '2015-11-08 20:13:14', '103.250.146.28', 10023, 3, 7037, '3540298E2N814', 0, NULL, NULL, 0, 3, NULL, NULL, NULL),
(56, '2015-11-09 14:50:54', '103.250.146.28', 10025, 3, 7071, '812917C50463H', 0, NULL, NULL, 0, 4, NULL, NULL, NULL),
(57, '2015-11-09 14:53:40', '103.250.146.28', 10025, 3, 7071, '1736Y0N681429', 0, NULL, NULL, 0, 4, NULL, NULL, NULL),
(58, '2015-11-09 14:53:46', '180.215.22.193', 10023, 3, 7071, '5T341757481W9', 0, NULL, NULL, 0, 3, NULL, NULL, NULL),
(59, '2015-11-09 14:59:48', '103.250.146.28', 10025, 3, 7071, '33852B2160414', 0, NULL, NULL, 0, 4, NULL, NULL, NULL),
(60, '2015-11-09 14:59:57', '103.250.146.28', 10025, 3, 7071, '41E4236U87879', 0, NULL, NULL, 0, 4, NULL, NULL, NULL),
(61, '2015-11-09 15:00:26', '180.215.22.193', 10023, 3, 7072, 'U16280795384W', 0, NULL, NULL, 1, 3, '2015-11-09 15:21:54', '180.215.22.193', '2015-11-09 15:21:54'),
(62, '2015-11-09 15:00:39', '180.215.22.193', 10023, 3, 7072, '451K7863E2490', 0, NULL, NULL, 1, 3, '2015-11-09 15:17:36', '180.215.22.193', '2015-11-09 15:17:36'),
(63, '2015-11-09 15:01:09', '180.215.22.193', 10023, 3, 7072, '64043675GY579', 0, NULL, NULL, 0, 3, NULL, NULL, NULL),
(64, '2015-11-09 15:01:27', '180.215.22.193', 10023, 3, 7072, '4827C15V27336', 0, NULL, NULL, 0, 3, NULL, NULL, NULL),
(65, '2015-11-09 15:02:20', '103.250.146.28', 10025, 3, 7072, '8672K0Z385919', 0, NULL, NULL, 1, 4, '2015-11-09 15:17:38', '103.250.146.28', '2015-11-09 15:17:38'),
(66, '2015-11-09 15:02:41', '180.215.22.193', 10023, 3, 7072, '96987GM642513', 0, NULL, NULL, 0, 3, NULL, NULL, NULL),
(67, '2015-11-09 15:03:12', '103.250.146.28', 10025, 3, 7072, '5578460L169R2', 0, NULL, NULL, 1, 4, '2015-11-09 15:18:07', '103.250.146.28', '2015-11-09 15:18:07'),
(68, '2015-11-09 15:03:32', '103.250.146.28', 10025, 3, 7072, '635259L249778', 0, NULL, NULL, 1, 4, '2015-11-09 15:18:32', '103.250.146.28', '2015-11-09 15:18:32'),
(69, '2015-11-09 15:03:57', '103.250.146.28', 10025, 3, 7072, '1N42G34790698', 0, NULL, NULL, 1, 4, '2015-11-09 15:19:33', '103.250.146.28', '2015-11-09 15:19:33'),
(70, '2015-11-09 15:04:00', '180.215.22.193', 10023, 3, 7072, '856J21914548K', 0, NULL, NULL, 1, 3, '2015-11-09 15:16:23', '180.215.22.193', '2015-11-09 15:16:23'),
(71, '2015-11-09 15:04:46', '103.250.146.28', 10025, 3, 7072, '189I708462455', 0, NULL, NULL, 1, 4, '2015-11-09 15:20:17', '103.250.146.28', '2015-11-09 15:20:17'),
(72, '2015-11-09 15:06:34', '103.250.146.28', 10025, 3, 7072, '0991W58V46265', 0, NULL, NULL, 1, 4, '2015-11-09 15:20:42', '103.250.146.28', '2015-11-09 15:20:42'),
(73, '2015-11-09 15:11:07', '103.250.146.28', 10025, 3, 7072, '9Y7476S861524', 0, NULL, NULL, 1, 4, '2015-11-09 15:21:11', '103.250.146.28', '2015-11-09 15:21:11'),
(74, '2015-11-09 15:13:07', '180.215.22.193', 10023, 3, 7072, '71351S4Z26406', 0, NULL, NULL, 0, 3, NULL, NULL, NULL),
(75, '2015-11-09 15:20:40', '180.215.22.193', 10023, 3, 7073, '84345729W3E16', 0, NULL, NULL, 1, 3, '2015-11-09 15:32:24', '180.215.22.193', '2015-11-09 15:32:24'),
(76, '2015-11-09 15:21:27', '103.250.146.28', 10025, 3, 7073, '791371L563422', 0, NULL, NULL, 0, 4, NULL, NULL, NULL),
(77, '2015-11-09 15:23:48', '180.215.22.193', 10023, 3, 7073, '9I32L30677649', 0, NULL, NULL, 0, 3, NULL, NULL, NULL),
(78, '2015-11-09 15:32:11', '103.250.146.28', 10025, 3, 7074, '819L82035F965', 0, NULL, NULL, 0, 4, NULL, NULL, NULL),
(79, '2015-11-09 15:32:27', '103.250.146.28', 10025, 3, 7074, '1974678X31285', 0, NULL, NULL, 0, 4, NULL, NULL, NULL),
(80, '2015-11-09 15:32:40', '103.250.146.28', 10025, 3, 7074, '4712854Q318F2', 0, NULL, NULL, 0, 4, NULL, NULL, NULL),
(81, '2015-11-09 15:33:03', '103.250.146.28', 10025, 3, 7074, '7D840352E1157', 0, NULL, NULL, 0, 4, NULL, NULL, NULL),
(82, '2015-11-09 15:33:33', '180.215.22.193', 10023, 3, 7074, '9M5461312680B', 0, NULL, NULL, 1, 3, '2015-11-09 15:46:16', '180.215.22.193', '2015-11-09 15:46:16'),
(83, '2015-11-09 15:33:34', '103.250.146.28', 10025, 3, 7074, '48284XP693705', 0, NULL, NULL, 0, 4, NULL, NULL, NULL),
(84, '2015-11-09 15:34:05', '103.250.146.28', 10025, 3, 7074, 'H687271393F54', 0, NULL, NULL, 0, 4, NULL, NULL, NULL),
(85, '2015-11-09 15:34:21', '180.215.22.193', 10023, 3, 7074, '9051F31K87236', 0, NULL, NULL, 0, 3, NULL, NULL, NULL),
(86, '2015-11-09 15:35:18', '103.250.146.28', 10025, 3, 7074, '44856625372RF', 0, NULL, NULL, 0, 4, NULL, NULL, NULL),
(87, '2015-11-09 15:38:25', '103.250.146.28', 10025, 3, 7074, '809F5324L3567', 0, NULL, NULL, 0, 4, NULL, NULL, NULL),
(88, '2015-11-09 15:39:02', '103.250.146.28', 10025, 3, 7074, '20494868E2635', 0, NULL, NULL, 0, 4, NULL, NULL, NULL),
(89, '2015-11-09 15:48:03', '180.215.22.193', 10023, 3, 7075, '26176P19I3820', 0, NULL, NULL, 0, 3, NULL, NULL, NULL),
(90, '2015-11-09 15:51:37', '103.250.146.28', 10025, 3, 7075, '7521P2998J501', 0, NULL, NULL, 0, 4, NULL, NULL, NULL),
(91, '2015-11-09 15:52:46', '103.250.146.28', 10025, 3, 7075, '9352KC7712858', 0, NULL, NULL, 0, 4, NULL, NULL, NULL),
(92, '2015-11-09 15:53:05', '180.215.22.193', 10023, 3, 7075, '9N4821S350493', 0, NULL, NULL, 0, 3, NULL, NULL, NULL),
(93, '2015-11-09 16:06:14', '180.215.22.193', 10023, 3, 7076, '7329468C5438X', 0, NULL, NULL, 0, 3, NULL, NULL, NULL),
(94, '2015-11-09 16:11:37', '103.250.146.28', 10025, 3, 7076, '27P9051944L27', 0, NULL, NULL, 1, 4, '2015-11-09 16:16:51', '103.250.146.28', '2015-11-09 16:16:51'),
(95, '2015-11-10 11:17:44', '116.203.250.80', 10023, 3, 7112, '96394A4875822', 0, NULL, NULL, 0, 3, NULL, NULL, NULL),
(96, '2015-11-10 11:19:43', '116.203.250.80', 10023, 3, 7112, '332015N849616', 0, NULL, NULL, 0, 3, NULL, NULL, NULL),
(97, '2015-11-10 11:20:32', '116.203.250.80', 10023, 3, 7112, '1336R712Z4689', 0, NULL, NULL, 0, 3, NULL, NULL, NULL),
(98, '2015-11-14 21:25:23', '43.250.165.151', 1, 3, 7380, '2Z79338076284', 0, NULL, NULL, 0, 3, NULL, NULL, NULL),
(99, '2015-11-15 14:27:03', '116.203.238.32', 10023, 3, 7411, 'J205866T92583', 0, NULL, NULL, 0, 3, NULL, NULL, NULL),
(100, '2015-11-15 14:28:27', '116.203.238.32', 10023, 3, 7411, '1832276675S5B', 0, NULL, NULL, 0, 3, NULL, NULL, NULL),
(101, '2015-11-15 16:49:47', '180.215.233.184', 10023, 3, 7421, '92C16H3259877', 0, NULL, NULL, 0, 3, NULL, NULL, NULL),
(102, '2015-11-15 16:50:10', '180.215.233.184', 10023, 3, 7421, '87498M2167Z96', 0, NULL, NULL, 0, 3, NULL, NULL, NULL),
(103, '2015-11-15 16:52:23', '180.215.233.184', 10023, 3, 7421, 'D97H134558762', 0, NULL, NULL, 0, 3, NULL, NULL, NULL),
(104, '2015-11-15 16:52:57', '180.215.233.184', 10023, 3, 7421, '43757139Q60J2', 0, NULL, NULL, 0, 3, NULL, NULL, NULL),
(105, '2015-11-15 16:53:47', '180.215.233.184', 10023, 3, 7421, '90345261364VW', 0, NULL, NULL, 0, 3, NULL, NULL, NULL),
(106, '2015-11-15 16:54:53', '180.215.233.184', 10023, 3, 7421, '33942870926I5', 0, NULL, NULL, 0, 3, NULL, NULL, NULL),
(107, '2015-11-18 14:42:47', '103.251.213.78', 10025, 3, 7577, 'Z76391B045987', 0, NULL, NULL, 0, 4, NULL, NULL, NULL),
(108, '2015-11-18 14:49:53', '103.251.213.78', 10025, 3, 7578, '76450V81W3892', 0, NULL, NULL, 0, 4, NULL, NULL, NULL),
(109, '2015-11-18 14:50:08', '116.203.102.176', 10023, 3, 7578, '73544168969Y8', 0, NULL, NULL, 0, 3, NULL, NULL, NULL),
(110, '2015-11-18 16:09:28', '116.203.254.168', 10023, 3, 7583, '2817826Z76I53', 0, NULL, NULL, 0, 3, NULL, NULL, NULL),
(111, '2015-11-18 16:09:56', '116.203.254.168', 10023, 3, 7583, '7557466W082P3', 0, NULL, NULL, 0, 3, NULL, NULL, NULL),
(112, '2015-11-18 16:10:21', '116.203.254.168', 10023, 3, 7583, '869N1644135X7', 0, NULL, NULL, 0, 3, NULL, NULL, NULL),
(113, '2015-11-18 16:11:45', '116.203.254.168', 10023, 3, 7583, '1Y33688294709', 0, NULL, NULL, 0, 3, NULL, NULL, NULL),
(114, '2015-11-18 16:12:13', '116.203.254.168', 10023, 3, 7583, '91824J552Q737', 0, NULL, NULL, 0, 3, NULL, NULL, NULL),
(115, '2015-11-18 16:17:13', '116.203.254.168', 10023, 3, 7584, '6041G952H4788', 0, NULL, NULL, 0, 3, NULL, NULL, NULL),
(116, '2015-11-18 16:18:33', '116.203.254.168', 10023, 3, 7584, '312T75F562386', 0, NULL, NULL, 0, 3, NULL, NULL, NULL),
(117, '2015-11-18 16:19:33', '103.251.213.78', 10025, 3, 7584, '8S57K11734924', 0, NULL, NULL, 0, 4, NULL, NULL, NULL),
(118, '2015-11-18 16:19:55', '116.203.254.168', 10023, 3, 7584, '59K7345281390', 0, NULL, NULL, 0, 3, NULL, NULL, NULL),
(119, '2015-11-18 16:20:10', '116.203.254.168', 10023, 3, 7584, '6F212C3398416', 0, NULL, NULL, 0, 3, NULL, NULL, NULL),
(120, '2015-11-18 16:24:02', '116.203.254.168', 10023, 3, 7584, '03B5914U76628', 0, NULL, NULL, 0, 3, NULL, NULL, NULL),
(121, '2015-11-18 16:37:30', '116.203.254.168', 10023, 3, 7585, 'F587601425123', 0, NULL, NULL, 0, 3, NULL, NULL, NULL),
(122, '2015-11-18 16:40:06', '116.203.254.168', 10023, 3, 7585, 'X72104652M388', 0, NULL, NULL, 0, 3, NULL, NULL, NULL),
(123, '2015-11-18 16:48:29', '116.203.254.168', 10023, 3, 7586, 'B8513977X4620', 0, NULL, NULL, 0, 3, NULL, NULL, NULL),
(124, '2015-11-18 16:51:20', '116.203.254.168', 10023, 3, 7586, '40R7396294F65', 0, NULL, NULL, 0, 3, NULL, NULL, NULL),
(125, '2015-11-18 16:57:26', '116.203.254.168', 10023, 3, 7586, '15073Y2238I71', 0, NULL, NULL, 0, 3, NULL, NULL, NULL),
(126, '2015-11-18 16:58:14', '116.203.254.168', 10023, 3, 7586, '2231W34790148', 0, NULL, NULL, 1, 3, '2015-11-18 17:00:17', '116.203.254.168', '2015-11-18 17:00:17'),
(127, '2015-11-18 17:01:30', '116.203.254.168', 10023, 3, 7587, '2W2867356795C', 0, NULL, NULL, 1, 3, '2015-11-18 17:15:27', '116.203.254.168', '2015-11-18 17:15:27'),
(128, '2015-11-18 17:23:11', '116.203.254.168', 10023, 3, 7588, '7644218596X5L', 0, NULL, NULL, 0, 3, NULL, NULL, NULL),
(129, '2015-11-18 17:24:09', '103.251.213.78', 10025, 3, 7588, '179712Y3230G4', 0, NULL, NULL, 0, 4, NULL, NULL, NULL),
(130, '2015-11-18 17:24:48', '122.168.163.167', 1, 3, 7588, '2563ND0745219', 0, NULL, NULL, 1, 3, '2015-11-18 17:31:13', '122.168.163.167', '2015-11-18 17:31:13'),
(131, '2015-11-18 17:24:52', '103.251.213.78', 10025, 3, 7588, '6807Q85V34296', 0, NULL, NULL, 0, 4, NULL, NULL, NULL),
(132, '2015-11-18 17:26:19', '103.251.213.78', 10025, 3, 7588, '86529B9D52847', 0, NULL, NULL, 0, 4, NULL, NULL, NULL),
(133, '2015-11-18 17:26:41', '103.251.213.78', 10025, 3, 7588, '05743758M91P8', 0, NULL, NULL, 0, 4, NULL, NULL, NULL),
(134, '2015-11-18 19:46:18', '116.203.254.168', 10023, 3, 7598, '7S0815872469T', 0, NULL, NULL, 0, 3, NULL, NULL, NULL),
(135, '2015-11-18 19:46:35', '116.203.254.168', 10023, 3, 7598, '26948541C738K', 0, NULL, NULL, 0, 3, NULL, NULL, NULL),
(136, '2015-11-18 19:48:17', '116.203.254.168', 10023, 3, 7598, '5F82164648921', 0, NULL, NULL, 1, 3, '2015-11-18 20:00:33', '116.203.254.168', '2015-11-18 20:00:33'),
(137, '2015-11-18 19:51:12', '116.203.254.168', 10023, 3, 7598, '42515D38Y9077', 0, NULL, NULL, 0, 3, NULL, NULL, NULL),
(138, '2015-11-18 19:52:14', '116.203.254.168', 10023, 3, 7598, 'H45393171686P', 0, NULL, NULL, 1, 3, '2015-11-18 20:00:22', '116.203.254.168', '2015-11-18 20:00:22'),
(139, '2015-11-18 19:53:50', '103.251.213.78', 10025, 3, 7598, '418M775243V16', 0, NULL, NULL, 0, 4, NULL, NULL, NULL),
(140, '2015-11-18 19:54:34', '116.203.254.168', 10023, 3, 7598, '5T09516739234', 0, NULL, NULL, 0, 3, NULL, NULL, NULL),
(141, '2015-11-18 20:20:48', '116.203.254.168', 10023, 3, 7600, '018B91958326W', 0, NULL, NULL, 0, 3, NULL, NULL, NULL),
(142, '2015-11-19 15:53:41', '116.203.247.247', 10025, 3, 7637, 'J27079L448591', 0, NULL, NULL, 0, 4, NULL, NULL, NULL),
(143, '2015-11-19 15:54:42', '116.203.247.247', 10025, 3, 7637, 'C271263458516', 0, NULL, NULL, 0, 4, NULL, NULL, NULL),
(144, '2015-11-19 15:55:59', '116.203.247.247', 10025, 3, 7637, '6798956U2E731', 0, NULL, NULL, 0, 4, NULL, NULL, NULL),
(145, '2015-11-19 15:56:39', '116.203.247.247', 10025, 3, 7637, '410N8277C6568', 0, NULL, NULL, 0, 4, NULL, NULL, NULL),
(146, '2015-11-19 16:06:54', '116.203.247.247', 10025, 3, 7638, '8K5181097Q269', 0, NULL, NULL, 0, 4, NULL, NULL, NULL),
(147, '2015-11-19 16:07:28', '116.203.247.247', 10025, 3, 7638, '87B3594M01281', 0, NULL, NULL, 0, 4, NULL, NULL, NULL),
(148, '2015-11-19 16:18:17', '180.215.25.54', 10025, 3, 7639, 'L12368097742S', 0, NULL, NULL, 0, 4, NULL, NULL, NULL),
(149, '2015-11-19 18:26:21', '180.215.25.54', 10025, 3, 7647, '50972YL536818', 0, NULL, NULL, 0, 4, NULL, NULL, NULL),
(150, '2015-11-19 18:27:47', '180.215.25.54', 10025, 3, 7647, '65797N038D631', 0, NULL, NULL, 0, 4, NULL, NULL, NULL),
(151, '2015-11-19 18:34:15', '180.215.25.54', 10025, 3, 7648, '54541U62091Z7', 0, NULL, NULL, 0, 4, NULL, NULL, NULL),
(152, '2015-11-19 18:37:42', '180.215.25.54', 10025, 3, 7648, '84M57953I4321', 0, NULL, NULL, 0, 4, NULL, NULL, NULL),
(153, '2015-11-19 18:41:44', '180.215.25.54', 10025, 3, 7648, '219975J745803', 0, NULL, NULL, 0, 4, NULL, NULL, NULL),
(154, '2015-11-19 18:50:56', '180.215.25.54', 10025, 3, 7649, '136N962Z78258', 0, NULL, NULL, 0, 4, NULL, NULL, NULL),
(155, '2015-11-19 18:51:19', '180.215.25.54', 10025, 3, 7649, 'P9152396H1067', 0, NULL, NULL, 0, 4, NULL, NULL, NULL),
(156, '2015-11-20 10:03:37', '180.215.229.227', 10025, 3, 7669, '0V4123Z799624', 0, NULL, NULL, 0, 4, NULL, NULL, NULL),
(157, '2015-11-20 10:57:53', '116.203.100.155', 10025, 3, 7672, '376421860H75P', 0, NULL, NULL, 0, 4, NULL, NULL, NULL),
(158, '2015-11-20 10:58:22', '116.203.100.155', 10025, 3, 7672, '77342U29D9565', 0, NULL, NULL, 0, 4, NULL, NULL, NULL),
(159, '2015-11-20 21:14:20', '180.215.215.21', 10025, 3, 7713, '574329LK93827', 0, NULL, NULL, 0, 4, NULL, NULL, NULL),
(160, '2015-11-20 21:14:45', '180.215.215.21', 10025, 3, 7713, '9784243097E11', 0, NULL, NULL, 0, 4, NULL, NULL, NULL),
(161, '2015-11-20 21:16:34', '180.215.215.21', 10025, 3, 7714, 'NC44383962078', 0, NULL, NULL, 0, 4, NULL, NULL, NULL),
(162, '2015-11-20 21:34:40', '180.215.215.21', 10025, 3, 7715, 'W8R1348596236', 0, NULL, NULL, 0, 4, NULL, NULL, NULL),
(163, '2015-11-20 21:37:07', '180.215.215.21', 10025, 3, 7715, '460717Z89254E', 0, NULL, NULL, 0, 4, NULL, NULL, NULL),
(164, '2015-11-20 21:56:18', '180.215.23.80', 10025, 3, 7716, '363L7996R5281', 0, NULL, NULL, 0, 4, NULL, NULL, NULL),
(165, '2015-11-20 21:57:05', '180.215.23.80', 10025, 3, 7716, '9A8126167894P', 0, NULL, NULL, 0, 4, NULL, NULL, NULL),
(166, '2015-11-21 09:45:58', '180.215.240.102', 10025, 3, 7723, '499U273R81764', 0, NULL, NULL, 1, 4, '2015-11-21 10:35:16', '180.215.240.102', '2015-11-21 10:35:16'),
(167, '2015-11-21 09:46:51', '180.215.240.102', 10025, 3, 7723, '3264188H324C9', 0, NULL, NULL, 1, 4, '2015-11-21 10:35:44', '180.215.240.102', '2015-11-21 10:35:44'),
(168, '2015-11-21 09:48:00', '180.215.240.102', 10025, 3, 7723, '1T992786573J2', 0, NULL, NULL, 1, 4, '2015-11-21 10:02:06', '180.215.240.102', '2015-11-21 10:02:06'),
(169, '2015-11-21 09:48:55', '180.215.240.102', 10025, 3, 7723, 'A37240582914U', 0, NULL, NULL, 0, 4, NULL, NULL, NULL),
(170, '2015-11-21 09:50:40', '180.215.240.102', 10025, 3, 7723, '7472GQ6821540', 0, NULL, NULL, 1, 4, '2015-11-21 10:01:24', '180.215.240.102', '2015-11-21 10:01:24'),
(171, '2015-11-21 09:53:59', '180.215.240.102', 10025, 3, 7723, '872654098T17D', 0, NULL, NULL, 1, 4, '2015-11-21 10:01:33', '180.215.240.102', '2015-11-21 10:01:33'),
(172, '2015-11-21 09:55:17', '180.215.240.102', 10025, 3, 7723, '41KG790125343', 0, NULL, NULL, 1, 4, '2015-11-21 10:01:11', '180.215.240.102', '2015-11-21 10:01:11'),
(173, '2015-11-21 09:56:14', '180.215.240.102', 10025, 3, 7723, '229586L8494C0', 0, NULL, NULL, 1, 4, '2015-11-21 10:00:56', '180.215.240.102', '2015-11-21 10:00:56'),
(174, '2015-11-21 09:57:36', '180.215.240.102', 10025, 3, 7723, '35K4291573068', 0, NULL, NULL, 1, 4, '2015-11-21 10:00:46', '180.215.240.102', '2015-11-21 10:00:46'),
(175, '2015-11-21 09:57:48', '180.215.240.102', 10025, 3, 7723, '47683E7V91452', 0, NULL, NULL, 1, 4, '2015-11-21 10:00:35', '180.215.240.102', '2015-11-21 10:00:35'),
(176, '2015-11-21 10:03:33', '180.215.240.102', 10025, 3, 7724, '95Q0814M29543', 0, NULL, NULL, 0, 4, NULL, NULL, NULL),
(177, '2015-11-21 10:03:56', '180.215.240.102', 10025, 3, 7724, 'N74S268323059', 0, NULL, NULL, 1, 4, '2015-11-21 10:15:37', '180.215.240.102', '2015-11-21 10:15:37'),
(178, '2015-11-21 10:04:17', '180.215.240.102', 10025, 3, 7724, '61S239683E720', 0, NULL, NULL, 1, 4, '2015-11-21 10:15:27', '180.215.240.102', '2015-11-21 10:15:27'),
(179, '2015-11-21 10:05:09', '180.215.240.102', 10025, 3, 7724, '3521X9751U820', 0, NULL, NULL, 1, 4, '2015-11-21 10:17:40', '180.215.240.102', '2015-11-21 10:17:40'),
(180, '2015-11-21 10:05:52', '180.215.240.102', 10025, 3, 7724, '5AC4831522607', 0, NULL, NULL, 1, 4, '2015-11-21 10:17:01', '180.215.240.102', '2015-11-21 10:17:01'),
(181, '2015-11-21 10:24:30', '180.215.240.102', 10025, 3, 7725, 'I98W312318626', 0, NULL, NULL, 1, 4, '2015-11-21 10:32:51', '180.215.240.102', '2015-11-21 10:32:51'),
(182, '2015-11-21 10:24:56', '180.215.240.102', 10025, 3, 7725, '54UA763271864', 0, NULL, NULL, 1, 4, '2015-11-21 10:32:37', '180.215.240.102', '2015-11-21 10:32:37'),
(183, '2015-11-21 10:25:55', '180.215.240.102', 10025, 3, 7725, '62J765749F413', 0, NULL, NULL, 1, 4, '2015-11-21 10:32:29', '180.215.240.102', '2015-11-21 10:32:29'),
(184, '2015-11-21 10:28:48', '180.215.240.102', 10025, 3, 7725, '13T5C59722864', 0, NULL, NULL, 0, 4, NULL, NULL, NULL),
(185, '2015-11-21 10:29:00', '180.215.240.102', 10025, 3, 7725, '2015E79H84245', 0, NULL, NULL, 0, 4, NULL, NULL, NULL),
(186, '2015-11-21 10:29:10', '180.215.240.102', 10025, 3, 7725, '49789J6725618', 0, NULL, NULL, 0, 4, NULL, NULL, NULL),
(187, '2015-11-21 10:29:24', '180.215.240.102', 10025, 3, 7725, '76512U03B3916', 0, NULL, NULL, 0, 4, NULL, NULL, NULL),
(188, '2015-11-21 10:29:51', '180.215.240.102', 10025, 3, 7725, '89M16J3344592', 0, NULL, NULL, 1, 4, '2015-11-21 10:33:01', '180.215.240.102', '2015-11-21 10:33:01'),
(189, '2015-11-21 10:36:33', '180.215.240.102', 10025, 3, 7726, '68064341ZH958', 0, NULL, NULL, 0, 4, NULL, NULL, NULL),
(190, '2015-11-21 10:42:18', '180.215.240.102', 10025, 3, 7726, '024B659L74192', 0, NULL, NULL, 0, 4, NULL, NULL, NULL),
(191, '2015-11-21 10:43:14', '180.215.240.102', 10025, 3, 7726, '692L457932014', 0, NULL, NULL, 0, 4, NULL, NULL, NULL),
(192, '2015-11-21 10:53:15', '180.215.240.102', 10025, 3, 7727, '359T69107D683', 0, NULL, NULL, 1, 4, '2015-11-21 11:02:51', '180.215.240.102', '2015-11-21 11:02:51'),
(193, '2015-11-21 10:53:50', '180.215.240.102', 10025, 3, 7727, '582352618DS09', 0, NULL, NULL, 0, 4, NULL, NULL, NULL),
(194, '2015-11-21 10:54:32', '180.215.240.102', 10025, 3, 7727, '4867H49913537', 0, NULL, NULL, 1, 4, '2015-11-21 11:02:27', '180.215.240.102', '2015-11-21 11:02:27'),
(195, '2015-11-21 10:55:57', '180.215.240.102', 10025, 3, 7727, '229089736L3Q1', 0, NULL, NULL, 0, 4, NULL, NULL, NULL),
(196, '2015-11-21 10:56:30', '180.215.240.102', 10025, 3, 7727, '9C83570P27214', 0, NULL, NULL, 0, 4, NULL, NULL, NULL),
(197, '2015-11-21 11:06:35', '180.215.240.102', 10025, 3, 7728, '37V39W7804258', 0, NULL, NULL, 1, 4, '2015-11-21 11:17:57', '180.215.240.102', '2015-11-21 11:17:57'),
(198, '2015-11-21 11:06:52', '180.215.240.102', 10025, 3, 7728, '0187397F322U1', 0, NULL, NULL, 0, 4, NULL, NULL, NULL),
(199, '2015-11-21 11:07:52', '180.215.240.102', 10025, 3, 7728, '4U3538915014Y', 0, NULL, NULL, 1, 4, '2015-11-21 11:18:32', '180.215.240.102', '2015-11-21 11:18:32'),
(200, '2015-11-21 11:17:11', '180.215.250.16', 10023, 3, 7729, '972S531689Q27', 0, NULL, NULL, 1, 3, '2015-11-21 11:30:27', '180.215.250.16', '2015-11-21 11:30:27'),
(201, '2015-11-21 11:19:14', '180.215.240.102', 10025, 3, 7729, '3C7928160921Q', 0, NULL, NULL, 1, 4, '2015-11-21 11:30:42', '180.215.240.102', '2015-11-21 11:30:42'),
(202, '2015-11-21 11:19:49', '180.215.240.102', 10025, 3, 7729, '582913SE41684', 0, NULL, NULL, 1, 4, '2015-11-21 11:30:32', '180.215.240.102', '2015-11-21 11:30:32'),
(203, '2015-11-21 11:28:05', '180.215.240.102', 10025, 3, 7729, '3861T6P785049', 0, NULL, NULL, 1, 4, '2015-11-21 11:30:24', '180.215.240.102', '2015-11-21 11:30:24'),
(204, '2015-11-21 11:29:43', '180.215.250.16', 10023, 3, 7729, '697GK02753934', 0, NULL, NULL, 0, 3, NULL, NULL, NULL),
(205, '2015-11-21 11:31:14', '180.215.240.102', 10025, 3, 7730, '384122T5P6975', 0, NULL, NULL, 1, 4, '2015-11-21 11:48:31', '180.215.240.102', '2015-11-21 11:48:31'),
(206, '2015-11-21 11:31:51', '180.215.250.16', 10023, 3, 7730, 'A667Q53841203', 0, NULL, NULL, 0, 3, NULL, NULL, NULL),
(207, '2015-11-21 11:36:55', '180.215.240.102', 10025, 3, 7730, '281607NM93952', 0, NULL, NULL, 1, 4, '2015-11-21 11:48:17', '180.215.240.102', '2015-11-21 11:48:17'),
(208, '2015-11-21 11:37:54', '180.215.240.102', 10025, 3, 7730, '209K51Y453471', 0, NULL, NULL, 1, 4, '2015-11-21 11:48:07', '180.215.240.102', '2015-11-21 11:48:07'),
(209, '2015-11-21 11:38:17', '180.215.240.102', 10025, 3, 7730, 'C3E2446378092', 0, NULL, NULL, 0, 4, NULL, NULL, NULL),
(210, '2015-11-21 11:39:11', '180.215.240.102', 10025, 3, 7730, '1876L7256C154', 0, NULL, NULL, 1, 4, '2015-11-21 11:47:45', '180.215.240.102', '2015-11-21 11:47:45'),
(211, '2015-11-21 11:47:49', '180.215.250.16', 10023, 3, 7731, '5E6133B260981', 0, NULL, NULL, 0, 3, NULL, NULL, NULL),
(212, '2015-11-21 11:50:50', '180.215.240.102', 10025, 3, 7731, 'Q3226084853R7', 0, NULL, NULL, 1, 4, '2015-11-21 12:01:09', '180.215.240.102', '2015-11-21 12:01:09'),
(213, '2015-11-21 11:51:06', '180.215.240.102', 10025, 3, 7731, '79Y42U3015156', 0, NULL, NULL, 0, 4, NULL, NULL, NULL),
(214, '2015-11-21 11:52:05', '180.215.250.16', 10023, 3, 7731, '78342817953GJ', 0, NULL, NULL, 1, 3, '2015-11-21 12:00:15', '180.215.250.16', '2015-11-21 12:00:15'),
(215, '2015-11-21 12:01:38', '180.215.240.102', 10025, 3, 7732, '25271T5W80633', 0, NULL, NULL, 0, 4, NULL, NULL, NULL),
(216, '2015-11-21 12:03:18', '180.215.240.102', 10025, 3, 7732, 'W57397S684223', 0, NULL, NULL, 0, 4, NULL, NULL, NULL),
(217, '2015-11-21 12:14:44', '180.215.240.102', 10025, 3, 7732, '620533269187F', 0, NULL, NULL, 0, 4, NULL, NULL, NULL),
(218, '2015-11-21 12:16:23', '180.215.240.102', 10025, 3, 7733, '9P30281C83674', 0, NULL, NULL, 0, 4, NULL, NULL, NULL),
(219, '2015-11-21 12:16:40', '180.215.240.102', 10025, 3, 7733, 'L6379812A2550', 0, NULL, NULL, 1, 4, '2015-11-21 12:33:57', '180.215.240.102', '2015-11-21 12:33:57'),
(220, '2015-11-21 12:18:10', '180.215.240.102', 10025, 3, 7733, '135678B38M492', 0, NULL, NULL, 1, 4, '2015-11-21 12:34:09', '180.215.240.102', '2015-11-21 12:34:09'),
(221, '2015-11-21 12:20:37', '180.215.250.16', 10023, 3, 7733, '9E17318U09256', 0, NULL, NULL, 1, 3, '2015-11-21 12:32:58', '180.215.250.16', '2015-11-21 12:32:58'),
(222, '2015-11-21 12:33:11', '180.215.250.16', 10023, 3, 7734, '53N146827098E', 0, NULL, NULL, 1, 3, '2015-11-21 12:45:09', '180.215.250.16', '2015-11-21 12:45:09'),
(223, '2015-11-21 12:34:33', '180.215.240.102', 10025, 3, 7734, '45658C90U4671', 0, NULL, NULL, 1, 4, '2015-11-21 12:45:22', '180.215.240.102', '2015-11-21 12:45:22'),
(224, '2015-11-21 12:46:47', '180.215.250.16', 10023, 3, 7735, '78Q86103559U4', 0, NULL, NULL, 0, 3, NULL, NULL, NULL),
(225, '2015-11-21 12:46:56', '180.215.250.16', 10023, 3, 7735, '085419C6B1638', 0, NULL, NULL, 0, 3, NULL, NULL, NULL),
(226, '2015-11-21 12:47:12', '180.215.250.16', 10023, 3, 7735, '79614T283450Q', 0, NULL, NULL, 0, 3, NULL, NULL, NULL),
(227, '2015-11-21 12:49:28', '180.215.240.102', 10025, 3, 7735, '8W186727Y3905', 0, NULL, NULL, 1, 4, '2015-11-21 13:00:55', '180.215.240.102', '2015-11-21 13:00:55'),
(228, '2015-11-21 12:50:25', '180.215.240.102', 10025, 3, 7735, '26195831934QG', 0, NULL, NULL, 1, 4, '2015-11-21 13:00:47', '180.215.240.102', '2015-11-21 13:00:47'),
(229, '2015-11-21 12:51:40', '180.215.240.102', 10025, 3, 7735, '130644982GM57', 0, NULL, NULL, 1, 4, '2015-11-21 13:00:38', '180.215.240.102', '2015-11-21 13:00:38'),
(230, '2015-11-21 12:54:08', '180.215.240.102', 10025, 3, 7735, '02483BP274315', 0, NULL, NULL, 1, 4, '2015-11-21 13:00:28', '180.215.240.102', '2015-11-21 13:00:28'),
(231, '2015-11-21 13:01:50', '180.215.240.102', 10025, 3, 7736, '7C12580144H83', 0, NULL, NULL, 0, 4, NULL, NULL, NULL),
(232, '2015-11-21 13:02:15', '180.215.240.102', 10025, 3, 7736, '87R962532A136', 0, NULL, NULL, 0, 4, NULL, NULL, NULL),
(233, '2015-11-21 13:02:32', '180.215.240.102', 10025, 3, 7736, '139KB21785504', 0, NULL, NULL, 1, 4, '2015-11-21 13:15:20', '180.215.240.102', '2015-11-21 13:15:20'),
(234, '2015-11-21 13:14:07', '180.215.240.102', 10025, 3, 7736, '63K9I75241047', 0, NULL, NULL, 0, 4, NULL, NULL, NULL),
(235, '2015-11-21 13:16:15', '180.215.240.102', 10025, 3, 7737, '2510679788W4X', 0, NULL, NULL, 1, 4, '2015-11-21 13:30:55', '180.215.240.102', '2015-11-21 13:30:55'),
(236, '2015-11-21 13:16:40', '180.215.240.102', 10025, 3, 7737, '4211304C69M65', 0, NULL, NULL, 1, 4, '2015-11-21 13:30:30', '180.215.240.102', '2015-11-21 13:30:30'),
(237, '2015-11-21 13:18:22', '180.215.250.16', 10023, 3, 7737, '1I747525V3628', 0, NULL, NULL, 0, 3, NULL, NULL, NULL),
(238, '2015-11-21 13:19:07', '180.215.240.102', 10025, 3, 7737, 'I9R4105573848', 0, NULL, NULL, 1, 4, '2015-11-21 13:30:39', '180.215.240.102', '2015-11-21 13:30:39'),
(239, '2015-11-21 13:19:24', '180.215.240.102', 10025, 3, 7737, 'X1A7694356928', 0, NULL, NULL, 1, 4, '2015-11-21 13:30:47', '180.215.240.102', '2015-11-21 13:30:47'),
(240, '2015-11-21 13:20:19', '180.215.250.16', 10023, 3, 7737, '56942T37964N3', 0, NULL, NULL, 1, 3, '2015-11-21 13:46:41', '180.215.250.16', '2015-11-21 13:46:41'),
(241, '2015-11-21 13:33:46', '180.215.240.102', 10025, 3, 7738, '41A568277136W', 0, NULL, NULL, 1, 4, '2015-11-21 13:45:34', '180.215.240.102', '2015-11-21 13:45:34'),
(242, '2015-11-21 13:34:38', '180.215.240.102', 10025, 3, 7738, '2467619LR3835', 0, NULL, NULL, 0, 4, NULL, NULL, NULL),
(243, '2015-11-21 13:37:03', '180.215.250.16', 10023, 3, 7738, '473648Q857E60', 0, NULL, NULL, 1, 3, '2015-11-21 13:46:32', '180.215.250.16', '2015-11-21 13:46:32'),
(244, '2015-11-21 13:37:14', '180.215.250.16', 10023, 3, 7738, '23942098E513L', 0, NULL, NULL, 1, 3, '2015-11-21 13:46:26', '180.215.250.16', '2015-11-21 13:46:26'),
(245, '2015-11-21 13:38:58', '180.215.240.102', 10025, 3, 7738, '713147LS30256', 0, NULL, NULL, 1, 4, '2015-11-21 13:45:22', '180.215.240.102', '2015-11-21 13:45:22'),
(246, '2015-11-21 13:45:58', '180.215.240.102', 10025, 3, 7739, '109783RK81462', 0, NULL, NULL, 1, 4, '2015-11-21 14:07:55', '180.215.240.102', '2015-11-21 14:07:55'),
(247, '2015-11-21 14:05:54', '180.215.250.16', 10023, 3, 7740, 'R18295281744X', 0, NULL, NULL, 0, 3, NULL, NULL, NULL),
(248, '2015-11-21 14:08:16', '180.215.240.102', 10025, 3, 7740, '7875919W32A54', 0, NULL, NULL, 1, 4, '2015-11-21 14:15:48', '180.215.240.102', '2015-11-21 14:15:48'),
(249, '2015-11-21 14:08:34', '180.215.240.102', 10025, 3, 7740, 'I59976W547263', 0, NULL, NULL, 0, 4, NULL, NULL, NULL),
(250, '2015-11-21 14:08:49', '180.215.240.102', 10025, 3, 7740, '859196A52Y684', 0, NULL, NULL, 0, 4, NULL, NULL, NULL),
(251, '2015-11-21 14:09:10', '180.215.240.102', 10025, 3, 7740, 'F374R64225708', 0, NULL, NULL, 1, 4, '2015-11-21 14:15:16', '180.215.240.102', '2015-11-21 14:15:16'),
(252, '2015-11-21 14:10:00', '180.215.240.102', 10025, 3, 7740, '8X29Y63704931', 0, NULL, NULL, 0, 4, NULL, NULL, NULL),
(253, '2015-11-21 14:12:20', '43.250.158.63', 10025, 3, 7740, '42B9560831J52', 0, NULL, NULL, 0, 4, NULL, NULL, NULL),
(254, '2015-11-21 14:16:41', '180.215.250.16', 10023, 3, 7741, '196045683P4C9', 0, NULL, NULL, 0, 3, NULL, NULL, NULL),
(255, '2015-11-21 14:17:19', '180.215.240.102', 10025, 3, 7741, 'F51220N971866', 0, NULL, NULL, 1, 4, '2015-11-21 14:31:21', '180.215.240.102', '2015-11-21 14:31:21'),
(256, '2015-11-21 14:30:23', '180.215.250.16', 10023, 3, 7742, '6359J5828261S', 0, NULL, NULL, 0, 3, NULL, NULL, NULL),
(257, '2015-11-21 14:40:26', '180.215.240.102', 10025, 3, 7742, 'U577Q35388024', 0, NULL, NULL, 1, 4, '2015-11-21 14:45:35', '180.215.240.102', '2015-11-21 14:45:35'),
(258, '2015-11-21 14:46:48', '180.215.240.102', 10025, 3, 7743, '976275091U635', 0, NULL, NULL, 1, 4, '2015-11-21 15:01:46', '180.215.240.102', '2015-11-21 15:01:46'),
(259, '2015-11-21 14:47:15', '180.215.240.102', 10025, 3, 7743, 'ZR72585667410', 0, NULL, NULL, 0, 4, NULL, NULL, NULL),
(260, '2015-11-21 14:52:52', '180.215.250.16', 10023, 3, 7743, 'H8195663B0413', 0, NULL, NULL, 1, 3, '2015-11-21 15:06:03', '180.215.250.16', '2015-11-21 15:06:03'),
(261, '2015-11-21 15:06:16', '180.215.250.16', 10023, 3, 7744, '87294584M6W95', 0, NULL, NULL, 0, 3, NULL, NULL, NULL),
(262, '2015-11-21 15:22:23', '180.215.250.16', 10023, 3, 7745, '6167R354459B8', 0, NULL, NULL, 0, 3, NULL, NULL, NULL),
(263, '2015-11-21 15:26:24', '180.215.233.124', 10026, 3, 7745, '2779418436DX9', 0, NULL, NULL, 0, 4, NULL, NULL, NULL),
(264, '2015-11-21 15:29:52', '180.215.240.102', 10025, 3, 7745, '18ZN922367454', 0, NULL, NULL, 1, 4, '2015-11-21 15:49:44', '180.215.240.102', '2015-11-21 15:49:44'),
(265, '2015-11-21 15:30:54', '180.215.233.124', 10026, 3, 7746, '32765W468R875', 0, NULL, NULL, 0, 4, NULL, NULL, NULL),
(266, '2015-11-21 15:31:20', '180.215.233.124', 10026, 3, 7746, '5D34F95626372', 0, NULL, NULL, 0, 4, NULL, NULL, NULL),
(267, '2015-11-21 15:35:16', '180.215.233.124', 10026, 3, 7746, '87569670JQ842', 0, NULL, NULL, 0, 4, NULL, NULL, NULL),
(268, '2015-11-21 15:36:00', '180.215.233.124', 10026, 3, 7746, '3V01346A24956', 0, NULL, NULL, 0, 4, NULL, NULL, NULL),
(269, '2015-11-21 15:36:28', '180.215.233.124', 10026, 3, 7746, '830W829743U59', 0, NULL, NULL, 0, 4, NULL, NULL, NULL),
(270, '2015-11-21 15:36:52', '180.215.233.124', 10026, 3, 7746, '0943319771Y6K', 0, NULL, NULL, 0, 4, NULL, NULL, NULL),
(271, '2015-11-21 15:38:23', '180.215.240.102', 10025, 3, 7746, '1Z034529874H5', 0, NULL, NULL, 0, 4, NULL, NULL, NULL),
(272, '2015-11-21 15:42:21', '180.215.233.124', 10026, 3, 7746, '51265E9B76207', 0, NULL, NULL, 0, 4, NULL, NULL, NULL),
(273, '2015-11-21 15:42:49', '180.215.233.124', 10026, 3, 7746, '97312485V5G21', 0, NULL, NULL, 0, 4, NULL, NULL, NULL),
(274, '2015-11-21 15:44:21', '180.215.233.124', 10026, 3, 7746, '5428316S7W481', 0, NULL, NULL, 0, 4, NULL, NULL, NULL),
(275, '2015-11-21 15:44:47', '180.215.233.124', 10026, 3, 7746, 'T413922Q77089', 0, NULL, NULL, 0, 4, NULL, NULL, NULL),
(276, '2015-11-21 15:45:39', '180.215.233.124', 10026, 3, 7747, '879065HR49513', 0, NULL, NULL, 0, 4, NULL, NULL, NULL),
(277, '2015-11-21 15:47:39', '180.215.250.16', 10023, 3, 7747, 'P89861570734U', 0, NULL, NULL, 1, 3, '2015-11-21 16:38:02', '180.215.231.235', '2015-11-21 16:38:02'),
(278, '2015-11-21 15:48:47', '180.215.233.124', 10026, 3, 7747, '47T7182461336', 0, NULL, NULL, 0, 4, NULL, NULL, NULL),
(279, '2015-11-21 15:49:17', '180.215.233.124', 10026, 3, 7747, '39A24471X6759', 0, NULL, NULL, 0, 4, NULL, NULL, NULL),
(280, '2015-11-21 15:51:47', '180.215.233.124', 10026, 3, 7747, '6231894540PH2', 0, NULL, NULL, 1, 4, '2015-11-21 16:01:17', '180.215.233.124', '2015-11-21 16:01:17'),
(281, '2015-11-21 15:58:50', '180.215.233.124', 10026, 3, 7747, '099816NC15532', 0, NULL, NULL, 1, 4, '2015-11-21 16:02:20', '180.215.233.124', '2015-11-21 16:02:20'),
(282, '2015-11-21 15:59:07', '180.215.233.124', 10026, 3, 7747, '67WF793692451', 0, NULL, NULL, 0, 4, NULL, NULL, NULL),
(283, '2015-11-21 15:59:38', '180.215.233.124', 10026, 3, 7747, '772B863N59416', 0, NULL, NULL, 1, 4, '2015-11-21 16:01:58', '180.215.233.124', '2015-11-21 16:01:58'),
(284, '2015-11-21 16:02:39', '180.215.233.124', 10026, 3, 7748, 'Z8743561A9178', 0, NULL, NULL, 0, 4, NULL, NULL, NULL),
(285, '2015-11-21 16:03:25', '180.215.233.124', 10026, 3, 7748, '465925B286M77', 0, NULL, NULL, 0, 4, NULL, NULL, NULL),
(286, '2015-11-21 16:16:37', '180.215.240.102', 10025, 3, 7749, '218691869347Q', 0, NULL, NULL, 0, 4, NULL, NULL, NULL),
(287, '2015-11-21 16:23:10', '180.215.240.102', 10025, 3, 7749, '298089326Z714', 0, NULL, NULL, 0, 4, NULL, NULL, NULL),
(288, '2015-11-21 16:24:37', '180.215.240.102', 10025, 3, 7749, '3E1168Y520769', 0, NULL, NULL, 0, 4, NULL, NULL, NULL),
(289, '2015-11-21 16:25:02', '180.215.240.102', 10025, 3, 7749, '68643198L205W', 0, NULL, NULL, 0, 4, NULL, NULL, NULL),
(290, '2015-11-21 16:25:41', '180.215.240.102', 10025, 3, 7749, '4W75089R65687', 0, NULL, NULL, 0, 4, NULL, NULL, NULL),
(291, '2015-11-21 16:26:38', '180.215.240.102', 10025, 3, 7749, '1942488RF2736', 0, NULL, NULL, 0, 4, NULL, NULL, NULL),
(292, '2015-11-21 16:28:19', '180.215.240.102', 10025, 3, 7749, '8TL4370237954', 0, NULL, NULL, 0, 4, NULL, NULL, NULL),
(293, '2015-11-21 16:33:04', '180.215.233.124', 10026, 3, 7750, '1R63487234758', 0, NULL, NULL, 0, 4, NULL, NULL, NULL),
(294, '2015-11-21 16:33:46', '180.215.233.124', 10026, 3, 7750, '37Y1955761E26', 0, NULL, NULL, 1, 4, '2015-11-21 16:45:35', '180.215.233.124', '2015-11-21 16:45:35'),
(295, '2015-11-21 16:46:39', '180.215.233.124', 10026, 3, 7751, '175TR09276391', 0, NULL, NULL, 1, 4, '2015-11-21 17:00:51', '180.215.233.124', '2015-11-21 17:00:51'),
(296, '2015-11-21 16:59:54', '180.215.231.235', 10023, 3, 7751, '852I27694761H', 0, NULL, NULL, 1, 3, '2015-11-21 17:00:57', '180.215.231.235', '2015-11-21 17:00:57'),
(297, '2015-11-21 17:01:15', '180.215.233.124', 10026, 3, 7752, '61H7297184058', 0, NULL, NULL, 1, 4, '2015-11-21 17:15:14', '180.215.233.124', '2015-11-21 17:15:14'),
(298, '2015-11-21 17:01:33', '180.215.231.235', 10023, 3, 7752, '1M432P5913976', 0, NULL, NULL, 1, 3, '2015-11-21 17:18:44', '180.215.231.235', '2015-11-21 17:18:44'),
(299, '2015-11-21 17:01:45', '180.215.231.235', 10023, 3, 7752, '96368Z1J03542', 0, NULL, NULL, 0, 3, NULL, NULL, NULL),
(300, '2015-11-21 17:03:31', '180.215.231.235', 10023, 3, 7752, '83757244816H6', 0, NULL, NULL, 1, 3, '2015-11-21 17:17:01', '180.215.231.235', '2015-11-21 17:17:01'),
(301, '2015-11-21 17:15:36', '180.215.233.124', 10026, 3, 7753, '65Y8282C47390', 0, NULL, NULL, 0, 4, NULL, NULL, NULL),
(302, '2015-11-21 17:20:03', '180.215.231.235', 10023, 3, 7753, '913Y7F6201964', 0, NULL, NULL, 0, 3, NULL, NULL, NULL),
(303, '2015-11-21 17:20:57', '180.215.231.235', 10023, 3, 7753, '104Q15584933E', 0, NULL, NULL, 0, 3, NULL, NULL, NULL),
(304, '2015-11-21 17:21:19', '180.215.231.235', 10023, 3, 7753, '428D4319725E5', 0, NULL, NULL, 1, 3, '2015-11-21 17:30:38', '180.215.231.235', '2015-11-21 17:30:38'),
(305, '2015-11-21 17:21:42', '180.215.231.235', 10023, 3, 7753, '648M9092854A6', 0, NULL, NULL, 1, 3, '2015-11-21 17:30:34', '180.215.231.235', '2015-11-21 17:30:34'),
(306, '2015-11-21 17:21:58', '180.215.231.235', 10023, 3, 7753, '169162I23574Z', 0, NULL, NULL, 0, 3, NULL, NULL, NULL),
(307, '2015-11-21 17:30:52', '180.215.233.124', 10026, 3, 7754, '8192470Y5517M', 0, NULL, NULL, 1, 4, '2015-11-21 17:45:30', '180.215.233.124', '2015-11-21 17:45:30'),
(308, '2015-11-21 17:43:06', '180.215.231.235', 10023, 3, 7754, '2D3965189862K', 0, NULL, NULL, 1, 3, '2015-11-21 17:52:20', '180.215.231.235', '2015-11-21 17:52:20'),
(309, '2015-11-21 17:43:19', '180.215.231.235', 10023, 3, 7754, '9E62581124K76', 0, NULL, NULL, 0, 3, NULL, NULL, NULL),
(310, '2015-11-21 17:43:36', '180.215.231.235', 10023, 3, 7754, '36890T6J14371', 0, NULL, NULL, 1, 3, '2015-11-21 17:52:11', '180.215.231.235', '2015-11-21 17:52:11'),
(311, '2015-11-21 17:45:52', '180.215.233.124', 10026, 3, 7755, '611Q08352Z649', 0, NULL, NULL, 1, 4, '2015-11-21 18:00:20', '180.215.233.124', '2015-11-21 18:00:20'),
(312, '2015-11-21 18:00:54', '180.215.233.124', 10026, 3, 7756, '7S9021786P831', 0, NULL, NULL, 0, 4, NULL, NULL, NULL),
(313, '2015-11-22 11:54:18', '116.203.253.119', 10026, 3, 7786, '420198366CH78', 0, NULL, NULL, 0, 4, NULL, NULL, NULL),
(314, '2015-11-22 11:54:44', '116.203.253.119', 10026, 3, 7786, '7I92X55431846', 0, NULL, NULL, 0, 4, NULL, NULL, NULL),
(315, '2015-11-22 11:55:06', '116.203.253.119', 10026, 3, 7786, '9980465164MF5', 0, NULL, NULL, 0, 4, NULL, NULL, NULL),
(316, '2015-11-22 12:00:55', '116.203.253.119', 10026, 3, 7787, '21278035P96F7', 0, NULL, NULL, 1, 4, '2015-11-22 12:15:11', '116.203.253.119', '2015-11-22 12:15:11'),
(317, '2015-11-22 12:15:37', '116.203.253.119', 10026, 3, 7788, '384429Q6658M1', 0, NULL, NULL, 1, 4, '2015-11-22 12:48:10', '116.203.253.119', '2015-11-22 12:48:10'),
(318, '2015-11-22 12:48:40', '116.203.253.119', 10026, 3, 7790, '3479806H9I582', 0, NULL, NULL, 1, 4, '2015-11-22 13:08:50', '116.203.253.119', '2015-11-22 13:08:50'),
(319, '2015-11-22 13:09:20', '116.203.253.119', 10026, 3, 7791, '0688954Z632U7', 0, NULL, NULL, 1, 4, '2015-11-22 13:23:46', '116.203.253.119', '2015-11-22 13:23:46'),
(320, '2015-11-22 13:24:14', '116.203.253.119', 10026, 3, 7792, '6K7432571T612', 0, NULL, NULL, 1, 4, '2015-11-22 13:39:37', '116.203.253.119', '2015-11-22 13:39:37'),
(321, '2015-11-22 13:39:59', '116.203.253.119', 10026, 3, 7793, '5H91884634795', 0, NULL, NULL, 1, 4, '2015-11-22 14:01:16', '116.203.253.119', '2015-11-22 14:01:16'),
(322, '2015-11-22 14:01:45', '116.203.253.119', 10026, 3, 7795, '4152608VB1274', 0, NULL, NULL, 1, 4, '2015-11-22 15:54:49', '116.203.253.119', '2015-11-22 15:54:49'),
(323, '2015-11-22 16:20:21', '116.203.227.42', 10025, 3, 7804, '214569U6R3702', 0, NULL, NULL, 0, 4, NULL, NULL, NULL),
(324, '2015-11-22 16:22:51', '116.203.227.42', 10023, 3, 7804, 'I4658372P8192', 0, NULL, NULL, 0, 3, NULL, NULL, NULL),
(325, '2015-11-22 16:23:03', '116.203.227.42', 10023, 3, 7804, '839K196178F42', 0, NULL, NULL, 0, 3, NULL, NULL, NULL),
(326, '2015-11-22 16:23:51', '116.203.227.42', 10025, 3, 7804, '73399087158N5', 0, NULL, NULL, 0, 4, NULL, NULL, NULL),
(327, '2015-11-22 16:24:28', '116.203.227.42', 10025, 3, 7804, '18143C86N2657', 0, NULL, NULL, 0, 4, NULL, NULL, NULL),
(328, '2015-11-22 16:25:26', '116.203.227.42', 10025, 3, 7804, '648BJ32159620', 0, NULL, NULL, 0, 4, NULL, NULL, NULL),
(329, '2015-11-22 16:25:52', '116.203.114.142', 10023, 3, 7804, '6687K35974419', 0, NULL, NULL, 0, 3, NULL, NULL, NULL),
(330, '2015-11-22 16:26:16', '116.203.114.142', 10023, 3, 7804, 'E1882935243A1', 0, NULL, NULL, 0, 3, NULL, NULL, NULL),
(331, '2015-11-22 16:26:58', '116.203.227.42', 10025, 3, 7804, '683291093144I', 0, NULL, NULL, 0, 4, NULL, NULL, NULL),
(332, '2015-11-22 16:27:16', '116.203.227.42', 10025, 3, 7804, '9824841G636B5', 0, NULL, NULL, 0, 4, NULL, NULL, NULL),
(333, '2015-11-22 16:46:38', '116.203.227.42', 10025, 3, 7806, '26G261550K437', 0, NULL, NULL, 0, 4, NULL, NULL, NULL),
(334, '2015-11-22 16:50:27', '116.203.253.119', 10023, 3, 7806, 'V175851047D93', 0, NULL, NULL, 0, 3, NULL, NULL, NULL),
(335, '2015-11-22 16:51:15', '116.203.253.119', 10023, 3, 7806, '533861P904Z87', 0, NULL, NULL, 0, 3, NULL, NULL, NULL),
(336, '2015-11-22 16:51:34', '116.203.253.119', 10023, 3, 7806, '526A613851974', 0, NULL, NULL, 0, 3, NULL, NULL, NULL),
(337, '2015-11-22 16:51:48', '116.203.253.119', 10023, 3, 7806, '7538W813641P2', 0, NULL, NULL, 0, 3, NULL, NULL, NULL),
(338, '2015-11-22 16:52:08', '116.203.253.119', 10023, 3, 7806, '2918W43A13924', 0, NULL, NULL, 0, 3, NULL, NULL, NULL),
(339, '2015-11-22 16:52:38', '116.203.253.119', 10023, 3, 7806, 'W381768714902', 0, NULL, NULL, 0, 3, NULL, NULL, NULL),
(340, '2015-11-22 17:11:35', '116.203.253.119', 10026, 3, 7807, '03F5286487562', 0, NULL, NULL, 0, 4, NULL, NULL, NULL),
(341, '2015-11-22 17:13:56', '116.203.253.119', 10026, 3, 7807, '6145U74Q90822', 0, NULL, NULL, 0, 4, NULL, NULL, NULL),
(342, '2015-11-22 17:17:54', '116.203.227.42', 10025, 3, 7808, '5974N6X026725', 0, NULL, NULL, 0, 4, NULL, NULL, NULL),
(343, '2015-11-22 17:28:32', '180.215.25.13', 10026, 3, 7808, '3C32865140H49', 0, NULL, NULL, 1, 4, '2015-11-22 19:41:58', '180.215.25.13', '2015-11-22 19:41:58'),
(344, '2015-11-22 17:43:21', '116.203.227.42', 10025, 3, 7809, '533P2917960E2', 0, NULL, NULL, 0, 4, NULL, NULL, NULL),
(345, '2015-11-22 19:40:44', '180.215.25.13', 10026, 3, 7817, '452Q684719B67', 0, NULL, NULL, 0, 4, NULL, NULL, NULL),
(346, '2015-11-22 19:40:59', '180.215.25.13', 10026, 3, 7817, '4596K5271728W', 0, NULL, NULL, 0, 4, NULL, NULL, NULL),
(347, '2015-11-22 19:41:22', '180.215.25.13', 10026, 3, 7817, '309Q4594812G7', 0, NULL, NULL, 1, 4, '2015-11-22 19:46:22', '180.215.25.13', '2015-11-22 19:46:22');

-- --------------------------------------------------------

--
-- Table structure for table `transaction`
--

CREATE TABLE IF NOT EXISTS `transaction` (
  `transaction_id` int(11) NOT NULL AUTO_INCREMENT,
  `retailer_id` int(11) DEFAULT NULL,
  `cr_dr` varchar(255) DEFAULT NULL,
  `amount` double DEFAULT NULL,
  `receipt_id` int(11) DEFAULT NULL,
  `trans_for_id` int(11) DEFAULT NULL,
  `notes` varchar(255) DEFAULT NULL,
  `transaction_time` datetime DEFAULT NULL,
  PRIMARY KEY (`transaction_id`)
) ENGINE=MyISAM  DEFAULT CHARSET=latin1 AUTO_INCREMENT=55 ;

--
-- Dumping data for table `transaction`
--

INSERT INTO `transaction` (`transaction_id`, `retailer_id`, `cr_dr`, `amount`, `receipt_id`, `trans_for_id`, `notes`, `transaction_time`) VALUES
(53, 10027, 'Credit', 5000, NULL, NULL, 'Opening', '2015-11-22 20:47:10'),
(54, 10028, 'Credit', 5000, NULL, NULL, 'Opening', '2015-11-22 20:51:01');

-- --------------------------------------------------------

--
-- Table structure for table `trans_for`
--

CREATE TABLE IF NOT EXISTS `trans_for` (
  `trans_for_id` int(11) NOT NULL AUTO_INCREMENT,
  `trans_for` varchar(255) NOT NULL,
  PRIMARY KEY (`trans_for_id`)
) ENGINE=MyISAM DEFAULT CHARSET=latin1 AUTO_INCREMENT=1 ;

-- --------------------------------------------------------

--
-- Table structure for table `users`
--

CREATE TABLE IF NOT EXISTS `users` (
  `user_id` int(11) NOT NULL AUTO_INCREMENT,
  `username` varchar(255) NOT NULL,
  `password` varchar(255) NOT NULL,
  `current_balance` double NOT NULL,
  `usertype` int(11) NOT NULL COMMENT '0=admin,1=retailer',
  `user_commission` double NOT NULL DEFAULT '0',
  `user_ip` varchar(15) DEFAULT NULL,
  `is_active` int(11) NOT NULL DEFAULT '1',
  `online` datetime DEFAULT NULL,
  `city` varchar(15) DEFAULT NULL,
  `note` text,
  PRIMARY KEY (`user_id`)
) ENGINE=MyISAM  DEFAULT CHARSET=latin1 AUTO_INCREMENT=10029 ;

--
-- Dumping data for table `users`
--

INSERT INTO `users` (`user_id`, `username`, `password`, `current_balance`, `usertype`, `user_commission`, `user_ip`, `is_active`, `online`, `city`, `note`) VALUES
(1, 'admin', '6d69625180ad7731eef7fbde0523c35f', 36012.630000000005, 0, 3, '', 1, '2015-11-23 09:56:05', '', ''),
(10028, '20200002', 'e240f783de5c9ea54f362c8f65d6eb69', 5000, 1, 4, NULL, 1, '2015-11-23 11:45:05', 'ahmedabad megan', 'jagdishbhai'),
(10023, 'ajay', '29e457082db729fa1059d4294ede3909', 121855.09999999998, 1, 3, '', 1, '2015-11-22 21:05:32', 'ahmedabad', ''),
(10027, '20200001', 'd683533d66f266d524cbf68d5df0ee9c', 5000, 1, 4, NULL, 1, '2015-11-23 11:45:05', 'ahmedabad,lilan', 'gajanand chacha');

-- --------------------------------------------------------

--
-- Table structure for table `users_login`
--

CREATE TABLE IF NOT EXISTS `users_login` (
  `users_login_id` int(11) NOT NULL,
  `username` varchar(255) DEFAULT NULL,
  `login_time` datetime NOT NULL,
  `user_ip` varchar(15) DEFAULT NULL,
  `valid_invalid` varchar(15) DEFAULT NULL
) ENGINE=MyISAM DEFAULT CHARSET=latin1;

--
-- Dumping data for table `users_login`
--

INSERT INTO `users_login` (`users_login_id`, `username`, `login_time`, `user_ip`, `valid_invalid`) VALUES
(0, 'admin', '2015-11-07 05:34:23', '103.238.105.148', 'Valid'),
(0, 'ajay', '2015-11-07 05:44:18', '103.238.105.148', 'Valid'),
(0, 'ajay', '2015-11-07 05:49:06', '180.215.20.44', 'Valid'),
(0, 'admin', '2015-11-07 05:50:30', '103.238.105.148', 'Invalid'),
(0, 'admin', '2015-11-07 05:50:51', '103.238.105.148', 'Invalid'),
(0, 'admin', '2015-11-07 05:51:17', '103.238.105.148', 'Valid'),
(0, 'ajay', '2015-11-07 06:10:36', '103.238.105.148', 'Valid'),
(0, 'ajay', '2015-11-07 06:31:56', '116.203.100.26', 'Valid'),
(0, 'ajay', '2015-11-07 06:42:05', '103.238.105.148', 'Valid'),
(0, 'ajay', '2015-11-07 06:43:19', '103.238.105.148', 'Valid'),
(0, 'ajay', '2015-11-07 06:43:47', '103.238.105.148', 'Valid'),
(0, 'ajay', '2015-11-07 06:44:45', '103.238.105.148', 'Valid'),
(0, 'admin', '2015-11-07 06:49:03', '103.238.105.148', 'Valid'),
(0, 'ajay', '2015-11-07 06:55:44', '103.238.105.148', 'Valid'),
(0, 'ajay', '2015-11-07 06:57:32', '103.238.105.148', 'Valid'),
(0, 'admin', '2015-11-07 07:02:44', '103.238.105.148', 'Valid'),
(0, 'admin', '2015-11-07 07:04:05', '103.238.105.148', 'Valid'),
(0, 'ajay', '2015-11-07 07:04:37', '103.238.105.148', 'Valid'),
(0, 'ajay', '2015-11-07 07:31:00', '103.238.105.148', 'Invalid'),
(0, 'ajay', '2015-11-07 07:31:07', '103.238.105.148', 'Invalid'),
(0, 'ajay', '2015-11-07 07:31:20', '103.238.105.148', 'Invalid'),
(0, 'ajay', '2015-11-07 07:31:46', '103.238.105.148', 'Valid'),
(0, 'Ajay', '2015-11-07 10:20:13', '103.238.105.148', 'Valid'),
(0, 'Admin', '2015-11-07 10:21:51', '103.238.105.148', 'Invalid'),
(0, 'Admin', '2015-11-07 10:22:03', '103.238.105.148', 'Valid'),
(0, 'Ajay', '2015-11-07 10:28:14', '103.238.105.148', 'Valid'),
(0, 'ajey', '2015-11-07 11:32:03', '180.215.213.137', 'Invalid'),
(0, 'ajay', '2015-11-07 11:32:26', '180.215.213.137', 'Valid'),
(0, 'ajay', '2015-11-07 11:37:03', '180.215.28.18', 'Valid'),
(0, 'ajay', '2015-11-07 11:40:48', '180.215.28.18', 'Valid'),
(0, 'Ajay', '2015-11-08 12:48:19', '106.77.254.164', 'Valid'),
(0, 'omtest', '2015-11-08 05:35:57', '49.200.119.251', 'Invalid'),
(0, 'omtest', '2015-11-08 05:36:11', '49.200.119.251', 'Valid'),
(0, 'ajay', '2015-11-08 11:17:32', '180.215.221.28', 'Valid'),
(0, 'ajay', '2015-11-08 02:45:28', '180.215.1.50', 'Valid'),
(0, 'admin', '2015-11-08 05:00:25', '103.250.146.28', 'Valid'),
(0, 'ajay', '2015-11-08 05:02:05', '103.250.146.28', 'Valid'),
(0, 'admin', '2015-11-08 05:22:21', '103.250.146.28', 'Valid'),
(0, 'ajay', '2015-11-08 06:03:09', '180.215.218.214', 'Valid'),
(0, 'ajay', '2015-11-08 06:17:08', '180.215.218.214', 'Valid'),
(0, 'admin', '2015-11-08 06:46:35', '116.203.110.250', 'Valid'),
(0, 'ajay', '2015-11-08 06:58:29', '116.203.108.49', 'Valid'),
(0, 'admin', '2015-11-08 07:05:10', '116.203.108.49', 'Valid'),
(0, 'ajay', '2015-11-08 07:17:12', '103.250.146.28', 'Valid'),
(0, 'admin', '2015-11-08 07:17:52', '103.250.146.28', 'Valid'),
(0, 'ajay', '2015-11-08 07:29:33', '116.203.108.49', 'Valid'),
(0, 'admin', '2015-11-08 07:31:53', '116.203.108.49', 'Valid'),
(0, 'ajay', '2015-11-08 07:46:37', '103.250.146.28', 'Valid'),
(0, 'admin', '2015-11-08 07:50:22', '116.203.108.49', 'Valid'),
(0, 'admin', '2015-11-09 08:16:36', '49.200.119.191', 'Invalid'),
(0, 'omtest', '2015-11-09 08:16:54', '49.200.119.191', 'Invalid'),
(0, 'omtest', '2015-11-09 08:18:08', '49.200.119.191', 'Invalid'),
(0, 'admin', '2015-11-09 08:18:15', '49.200.119.191', 'Valid'),
(0, 'admin', '2015-11-09 02:43:57', '103.250.146.28', 'Valid'),
(0, 'vishal', '2015-11-09 02:50:07', '103.250.146.28', 'Valid'),
(0, 'vishal', '2015-11-09 02:52:58', '103.250.146.28', 'Valid'),
(0, 'ajay', '2015-11-09 02:53:09', '180.215.22.193', 'Valid'),
(0, 'admin', '2015-11-09 04:07:36', '103.250.146.28', 'Valid'),
(0, 'admin', '2015-11-09 04:09:29', '103.250.146.28', 'Valid'),
(0, 'omtest', '2015-11-10 08:36:06', '115.118.253.49', 'Valid'),
(0, 'admin', '2015-11-10 08:36:35', '115.118.253.49', 'Valid'),
(0, 'ajay', '2015-11-10 11:17:34', '116.203.250.80', 'Valid'),
(0, 'ajay', '2015-11-10 11:19:43', '116.203.250.80', 'Valid'),
(0, 'admin', '2015-11-11 07:50:07', '49.200.119.130', 'Valid'),
(0, 'admin', '2015-11-11 11:14:47', '1.39.90.137', 'Valid'),
(0, 'admin', '2015-11-11 11:14:47', '1.39.90.137', 'Valid'),
(0, 'admin', '2015-11-11 03:53:34', '103.249.232.116', 'Valid'),
(0, 'admin', '2015-11-11 04:31:27', '103.249.232.116', 'Valid'),
(0, 'admin', '2015-11-12 07:56:13', '49.200.119.240', 'Valid'),
(0, 'admin', '2015-11-13 08:29:36', '49.200.244.143', 'Valid'),
(0, 'admin', '2015-11-13 12:59:12', '1.39.12.171', 'Valid'),
(0, 'admin', '2015-11-14 09:42:54', '115.118.253.9', 'Valid'),
(0, 'admin', '2015-11-14 09:00:58', '43.250.165.151', 'Valid'),
(0, 'admin', '2015-11-15 08:15:01', '49.200.244.152', 'Valid'),
(0, 'ajay', '2015-11-15 01:51:31', '116.203.238.32', 'Valid'),
(0, 'ajay', '2015-11-15 02:26:54', '116.203.238.32', 'Valid'),
(0, 'admin', '2015-11-15 02:28:24', '1.39.84.146', 'Valid'),
(0, 'admin', '2015-11-15 03:06:11', '103.251.213.78', 'Valid'),
(0, 'ajay', '2015-11-15 04:08:04', '180.215.233.184', 'Valid'),
(0, 'ajay', '2015-11-15 05:13:51', '180.215.233.184', 'Valid'),
(0, 'admin', '2015-11-15 05:25:36', '1.39.14.135', 'Valid'),
(0, 'admin', '2015-11-16 08:23:45', '115.118.253.43', 'Valid'),
(0, 'admin', '2015-11-16 01:02:30', '103.251.213.78', 'Valid'),
(0, 'Ajay', '2015-11-16 01:35:56', '1.39.13.56', 'Valid'),
(0, 'Ajay', '2015-11-16 01:35:59', '1.39.13.56', 'Valid'),
(0, 'Ajay', '2015-11-16 01:38:05', '1.39.13.56', 'Valid'),
(0, 'Ajay', '2015-11-16 01:39:06', '1.39.13.56', 'Valid'),
(0, 'Ajay', '2015-11-16 01:39:07', '1.39.13.56', 'Valid'),
(0, 'Ajay', '2015-11-16 01:39:07', '1.39.13.56', 'Valid'),
(0, 'Ajay', '2015-11-16 01:39:09', '1.39.13.56', 'Valid'),
(0, 'Ajay', '2015-11-16 01:41:51', '1.39.13.56', 'Valid'),
(0, 'Ajay', '2015-11-16 01:41:53', '1.39.13.56', 'Valid'),
(0, 'ajay', '2015-11-16 01:46:58', '116.203.229.42', 'Valid'),
(0, 'Ajay', '2015-11-16 02:34:20', '1.39.13.56', 'Valid'),
(0, 'Ajay', '2015-11-16 02:34:21', '1.39.13.56', 'Valid'),
(0, 'Ajay', '2015-11-16 02:37:03', '1.39.13.56', 'Valid'),
(0, 'Ajay', '2015-11-16 02:37:04', '1.39.13.56', 'Valid'),
(0, 'Ajay', '2015-11-16 02:37:05', '1.39.13.56', 'Valid'),
(0, 'admin', '2015-11-16 02:41:22', '1.39.84.203', 'Valid'),
(0, 'admin', '2015-11-16 02:41:28', '1.39.84.203', 'Valid'),
(0, 'admin', '2015-11-16 02:41:29', '1.39.84.203', 'Valid'),
(0, 'Ajay', '2015-11-16 04:53:53', '1.39.13.56', 'Valid'),
(0, 'Ajay', '2015-11-16 09:14:41', '1.39.13.56', 'Valid'),
(0, 'Ajay', '2015-11-16 09:14:42', '1.39.13.56', 'Valid'),
(0, 'Ajay', '2015-11-16 09:14:44', '1.39.13.56', 'Valid'),
(0, 'Ajay', '2015-11-16 09:14:47', '1.39.13.56', 'Valid'),
(0, 'Ajay', '2015-11-16 09:14:48', '1.39.13.56', 'Valid'),
(0, 'Ajay', '2015-11-16 09:14:48', '1.39.13.56', 'Valid'),
(0, 'Ajay', '2015-11-16 09:14:49', '1.39.13.56', 'Valid'),
(0, 'admin', '2015-11-17 03:36:30', '49.200.119.240', 'Valid'),
(0, 'admin', '2015-11-18 07:34:07', '49.200.244.145', 'Valid'),
(0, 'admin', '2015-11-18 11:14:06', '103.251.213.78', 'Invalid'),
(0, 'admin', '2015-11-18 11:14:26', '103.251.213.78', 'Valid'),
(0, 'admin', '2015-11-18 12:59:36', '115.118.253.56', 'Valid'),
(0, 'admin', '2015-11-18 01:17:07', '122.168.163.167', 'Valid'),
(0, 'admin', '2015-11-18 01:57:09', '49.200.119.133', 'Valid'),
(0, 'admin', '2015-11-18 02:41:29', '103.251.213.78', 'Valid'),
(0, 'vishal', '2015-11-18 02:42:15', '103.251.213.78', 'Valid'),
(0, 'ajay', '2015-11-18 02:42:42', '116.203.102.176', 'Valid'),
(0, 'admin', '2015-11-18 02:49:19', '49.200.119.133', 'Valid'),
(0, 'admin', '2015-11-18 02:56:22', '122.168.163.167', 'Valid'),
(0, 'admin', '2015-11-18 03:05:14', '122.168.163.167', 'Valid'),
(0, 'admin', '2015-11-18 03:37:46', '103.251.213.78', 'Valid'),
(0, 'admin', '2015-11-18 03:43:04', '103.251.213.78', 'Valid'),
(0, 'admin', '2015-11-18 03:47:04', '103.251.213.78', 'Valid'),
(0, 'ajay', '2015-11-18 04:02:04', '116.203.254.168', 'Valid'),
(0, 'admin', '2015-11-18 04:06:15', '103.251.213.78', 'Valid'),
(0, 'ajay', '2015-11-18 04:16:44', '116.203.254.168', 'Valid'),
(0, 'admin', '2015-11-18 04:21:01', '1.39.15.141', 'Valid'),
(0, 'ajay', '2015-11-18 04:57:20', '116.203.254.168', 'Valid'),
(0, 'admin', '2015-11-18 05:24:24', '122.168.163.167', 'Valid'),
(0, 'ajay', '2015-11-18 07:45:00', '116.203.254.168', 'Valid'),
(0, 'ajay', '2015-11-18 08:07:24', '116.203.254.168', 'Valid'),
(0, 'admin', '2015-11-18 08:13:12', '103.251.213.78', 'Valid'),
(0, 'admin', '2015-11-18 08:15:18', '103.251.213.78', 'Valid'),
(0, 'ajay', '2015-11-18 08:20:14', '116.203.254.168', 'Valid'),
(0, 'admin', '2015-11-19 08:16:53', '115.118.253.8', 'Valid'),
(0, 'admin', '2015-11-19 10:38:38', '43.250.165.136', 'Valid'),
(0, 'admin', '2015-11-19 02:35:11', '43.250.165.136', 'Valid'),
(0, 'vishal', '2015-11-19 03:52:37', '116.203.247.247', 'Valid'),
(0, 'vishal', '2015-11-19 04:18:16', '180.215.25.54', 'Valid'),
(0, 'vishal', '2015-11-19 06:34:12', '180.215.25.54', 'Valid'),
(0, 'vishal', '2015-11-19 06:41:43', '180.215.25.54', 'Valid'),
(0, 'vishal', '2015-11-19 06:50:57', '180.215.25.54', 'Valid'),
(0, 'Ajay', '2015-11-19 10:30:41', '1.39.15.213', 'Valid'),
(0, 'Ajay', '2015-11-19 10:30:41', '1.39.15.213', 'Valid'),
(0, 'Ajay', '2015-11-19 10:30:44', '1.39.15.213', 'Valid'),
(0, 'Ajay', '2015-11-19 10:30:44', '1.39.15.213', 'Valid'),
(0, 'Ajay', '2015-11-19 10:30:44', '1.39.15.213', 'Valid'),
(0, 'Ajay', '2015-11-19 10:30:46', '1.39.15.213', 'Valid'),
(0, 'Ajay', '2015-11-19 10:30:47', '1.39.15.213', 'Valid'),
(0, 'Ajay', '2015-11-19 10:30:47', '1.39.15.213', 'Valid'),
(0, 'Ajay', '2015-11-19 10:30:48', '1.39.15.213', 'Valid'),
(0, 'Ajay', '2015-11-19 10:30:48', '1.39.15.213', 'Valid'),
(0, 'Ajay', '2015-11-19 10:30:49', '1.39.15.213', 'Valid'),
(0, 'Ajay', '2015-11-19 10:30:49', '1.39.15.213', 'Valid'),
(0, 'Ajay', '2015-11-19 10:30:50', '1.39.15.213', 'Valid'),
(0, 'Ajay', '2015-11-19 10:30:51', '1.39.15.213', 'Valid'),
(0, 'Ajay', '2015-11-19 10:30:53', '1.39.15.213', 'Valid'),
(0, 'Ajay', '2015-11-19 10:30:54', '1.39.15.213', 'Valid'),
(0, 'admin', '2015-11-20 02:41:41', '49.200.119.137', 'Valid'),
(0, 'vishal', '2015-11-20 10:03:35', '180.215.229.227', 'Valid'),
(0, 'vishal', '2015-11-20 10:57:52', '116.203.100.155', 'Valid'),
(0, 'vishal', '2015-11-20 09:14:16', '180.215.215.21', 'Valid'),
(0, 'vishal', '2015-11-20 09:56:18', '180.215.23.80', 'Valid'),
(0, 'Ajay', '2015-11-21 01:01:02', '1.39.84.218', 'Valid'),
(0, 'Ajay', '2015-11-21 01:01:03', '1.39.84.218', 'Valid'),
(0, 'Ajay', '2015-11-21 01:01:03', '1.39.84.218', 'Valid'),
(0, 'Ajay', '2015-11-21 01:01:04', '1.39.84.218', 'Valid'),
(0, 'Ajay', '2015-11-21 01:01:04', '1.39.84.218', 'Valid'),
(0, 'Ajay', '2015-11-21 01:01:05', '1.39.84.218', 'Valid'),
(0, 'admin', '2015-11-21 08:21:54', '115.118.253.22', 'Valid'),
(0, 'admin', '2015-11-21 09:42:59', '43.250.158.63', 'Valid'),
(0, 'vishal', '2015-11-21 09:44:27', '180.215.240.102', 'Valid'),
(0, 'admin', '2015-11-21 10:17:08', '1.39.14.69', 'Valid'),
(0, 'admin', '2015-11-21 10:41:17', '43.250.158.63', 'Valid'),
(0, 'ajay', '2015-11-21 11:16:30', '180.215.250.16', 'Valid'),
(0, 'Ajay', '2015-11-21 12:01:09', '1.39.84.218', 'Valid'),
(0, 'Ajay', '2015-11-21 12:01:10', '1.39.84.218', 'Valid'),
(0, 'vishal ', '2015-11-21 12:17:44', '180.215.240.102', 'Valid'),
(0, 'vishal', '2015-11-21 12:43:46', '180.215.240.102', 'Valid'),
(0, 'vishal', '2015-11-21 12:55:49', '180.215.240.102', 'Valid'),
(0, 'vishal', '2015-11-21 02:12:13', '43.250.158.63', 'Valid'),
(0, 'admin', '2015-11-21 02:13:24', '43.250.158.63', 'Valid'),
(0, 'ajay', '2015-11-21 03:21:33', '180.215.250.16', 'Valid'),
(0, '20200001', '2015-11-21 03:26:12', '180.215.233.124', 'Valid'),
(0, '20200001', '2015-11-21 03:30:53', '180.215.233.124', 'Valid'),
(0, '20200001', '2015-11-21 03:35:15', '180.215.233.124', 'Valid'),
(0, 'ajay', '2015-11-21 04:10:09', '180.215.231.235', 'Valid'),
(0, '20200001', '2015-11-21 04:20:31', '180.215.233.124', 'Valid'),
(0, '20200001', '2015-11-21 04:29:47', '180.215.233.124', 'Valid'),
(0, 'admin', '2015-11-21 04:41:03', '43.250.158.63', 'Valid'),
(0, 'Ajay', '2015-11-21 04:55:10', '1.39.84.218', 'Valid'),
(0, '20200001', '2015-11-21 04:55:35', '180.215.233.124', 'Valid'),
(0, 'admin', '2015-11-21 05:23:58', '43.250.158.63', 'Valid'),
(0, '20200001', '2015-11-21 05:43:14', '180.215.233.124', 'Valid'),
(0, 'admin', '2015-11-21 06:17:14', '43.250.158.63', 'Invalid'),
(0, 'admin', '2015-11-21 06:17:22', '43.250.158.63', 'Invalid'),
(0, 'admin', '2015-11-21 06:17:32', '43.250.158.63', 'Invalid'),
(0, 'admin', '2015-11-21 06:17:55', '43.250.158.63', 'Invalid'),
(0, 'admin', '2015-11-21 06:18:28', '43.250.158.63', 'Invalid'),
(0, 'admin', '2015-11-21 06:18:56', '43.250.158.63', 'Invalid'),
(0, 'admin', '2015-11-21 06:19:08', '43.250.158.63', 'Valid'),
(0, 'Ajay', '2015-11-21 08:28:57', '1.39.84.218', 'Valid'),
(0, 'Ajay', '2015-11-21 08:28:58', '1.39.84.218', 'Valid'),
(0, 'Ajay', '2015-11-21 08:28:59', '1.39.84.218', 'Valid'),
(0, 'Ajay', '2015-11-21 08:29:00', '1.39.84.218', 'Valid'),
(0, 'Ajay', '2015-11-21 08:29:00', '1.39.84.218', 'Valid'),
(0, 'Ajay', '2015-11-21 08:29:01', '1.39.84.218', 'Valid'),
(0, 'Ajay', '2015-11-21 08:29:02', '1.39.84.218', 'Valid'),
(0, 'Ajay', '2015-11-21 08:29:02', '1.39.84.218', 'Valid'),
(0, 'Ajay', '2015-11-21 08:29:03', '1.39.84.218', 'Valid'),
(0, 'Ajay', '2015-11-21 08:29:05', '1.39.84.218', 'Valid'),
(0, 'Ajay', '2015-11-21 08:29:06', '1.39.84.218', 'Valid'),
(0, 'admin', '2015-11-22 08:20:32', '49.200.119.207', 'Valid'),
(0, '20200001', '2015-11-22 11:54:05', '116.203.253.119', 'Valid'),
(0, 'vishal', '2015-11-22 12:24:00', '116.203.227.42', 'Valid'),
(0, 'admin', '2015-11-22 03:54:39', '103.1.100.51', 'Valid'),
(0, 'ajay', '2015-11-22 04:22:42', '116.203.227.42', 'Valid'),
(0, 'vishal', '2015-11-22 04:23:48', '116.203.227.42', 'Valid'),
(0, 'vishal', '2015-11-22 04:24:28', '116.203.227.42', 'Valid'),
(0, 'ajay', '2015-11-22 04:25:50', '116.203.114.142', 'Valid'),
(0, 'vishal', '2015-11-22 04:26:47', '116.203.227.42', 'Valid'),
(0, '20200001', '2015-11-22 04:39:30', '116.203.253.119', 'Valid'),
(0, 'vishal', '2015-11-22 04:46:33', '116.203.227.42', 'Valid'),
(0, '20200001', '2015-11-22 04:50:07', '116.203.253.119', 'Invalid'),
(0, 'ajay', '2015-11-22 04:50:27', '116.203.253.119', 'Valid'),
(0, '20200001', '2015-11-22 05:11:26', '116.203.253.119', 'Valid'),
(0, 'admin', '2015-11-22 05:45:09', '103.1.100.51', 'Valid'),
(0, 'Ajay', '2015-11-22 05:55:24', '1.39.96.170', 'Valid'),
(0, 'Ajay', '2015-11-22 05:56:20', '1.39.96.170', 'Valid'),
(0, 'Ajay', '2015-11-22 05:56:21', '1.39.96.170', 'Valid'),
(0, 'Ajay', '2015-11-22 05:56:23', '1.39.96.170', 'Valid'),
(0, 'Ajay', '2015-11-22 05:56:24', '1.39.96.170', 'Valid'),
(0, 'Ajay', '2015-11-22 05:56:25', '1.39.96.170', 'Valid'),
(0, 'Ajay', '2015-11-22 05:56:26', '1.39.96.170', 'Valid'),
(0, 'admin', '2015-11-22 06:45:57', '1.39.12.5', 'Valid'),
(0, '20200001', '2015-11-22 07:40:40', '180.215.25.13', 'Valid'),
(0, '20200001', '2015-11-22 07:45:45', '180.215.25.13', 'Valid'),
(0, 'admin', '2015-11-22 08:41:29', '103.1.100.51', 'Valid'),
(0, 'vishal', '2015-11-22 08:45:20', '116.203.227.42', 'Invalid'),
(0, '20200001', '2015-11-22 08:47:21', '116.203.227.42', 'Valid'),
(0, '20200001', '2015-11-22 08:49:32', '116.203.227.42', 'Valid'),
(0, 'Ajay', '2015-11-22 09:05:13', '1.39.96.170', 'Valid'),
(0, 'Ajay', '2015-11-22 09:05:14', '1.39.96.170', 'Valid'),
(0, 'Ajay', '2015-11-22 09:05:15', '1.39.96.170', 'Valid'),
(0, 'Ajay', '2015-11-22 09:05:15', '1.39.96.170', 'Valid'),
(0, 'Ajay', '2015-11-22 09:05:20', '1.39.96.170', 'Valid'),
(0, 'Ajay', '2015-11-22 09:05:22', '1.39.96.170', 'Valid'),
(0, 'admin', '2015-11-23 08:05:39', '49.200.244.146', 'Valid'),
(0, 'admin', '2015-11-23 09:55:33', '1.39.13.4', 'Valid'),
(0, '20200001', '2015-11-23 10:15:14', '180.215.28.80', 'Valid'),
(0, '20200002', '2015-11-23 10:21:55', '180.215.240.229', 'Valid');

-- --------------------------------------------------------

--
-- Stand-in structure for view `win`
--
CREATE TABLE IF NOT EXISTS `win` (
`win_product_id` int(11)
,`receipt_id` int(11)
);
-- --------------------------------------------------------

--
-- Structure for view `win`
--
DROP TABLE IF EXISTS `win`;

CREATE ALGORITHM=UNDEFINED DEFINER=`shrikuber`@`localhost` SQL SECURITY DEFINER VIEW `win` AS select `draw`.`win_product_id` AS `win_product_id`,`receipt_master`.`receipt_id` AS `receipt_id` from (`draw` join `receipt_master` on((`draw`.`draw_id` = `receipt_master`.`draw_id`))) where ((`receipt_master`.`receipt_time` like '%2015-07-09%') and (`receipt_master`.`retailer_id` = '10003') and (`receipt_master`.`receipt_scan` = '1'));

/*!40101 SET CHARACTER_SET_CLIENT=@OLD_CHARACTER_SET_CLIENT */;
/*!40101 SET CHARACTER_SET_RESULTS=@OLD_CHARACTER_SET_RESULTS */;
/*!40101 SET COLLATION_CONNECTION=@OLD_COLLATION_CONNECTION */;
